site1	site2	score
6ooy_site.pdb	1c0t_1_site.pdb	0.577971
6ooy_site.pdb	1c0u_1_site.pdb	0.544967
6ooy_site.pdb	1c1b_1_site.pdb	0.567061
6ooy_site.pdb	1c1c_1_site.pdb	0.624477
6ooy_site.pdb	1ep4_1_site.pdb	0.557119
6ooy_site.pdb	1fk9_1_site.pdb	0.57416
6ooy_site.pdb	1fko_1_site.pdb	0.59731
6ooy_site.pdb	1fkp_1_site.pdb	0.593932
6ooy_site.pdb	1jkh_1_site.pdb	0.604707
6ooy_site.pdb	1jla_1_site.pdb	0.574024
6ooy_site.pdb	1jlb_1_site.pdb	0.595611
6ooy_site.pdb	1jlc_1_site.pdb	0.613259
6ooy_site.pdb	1jlf_1_site.pdb	0.601206
6ooy_site.pdb	1jlg_1_site.pdb	0.564391
6ooy_site.pdb	1jlq_1_site.pdb	0.560532
6ooy_site.pdb	1klm_1_site.pdb	0.56654
6ooy_site.pdb	1lw0_1_site.pdb	0.564682
6ooy_site.pdb	1lw2_1_site.pdb	0.512636
6ooy_site.pdb	1lwc_1_site.pdb	0.573462
6ooy_site.pdb	1lwe_1_site.pdb	0.596146
6ooy_site.pdb	1lwf_1_site.pdb	0.589132
6ooy_site.pdb	1rev_1_site.pdb	0.53732
6ooy_site.pdb	1rt1_1_site.pdb	0.598195
6ooy_site.pdb	1rt2_1_site.pdb	0.569103
6ooy_site.pdb	1rt3_1_site.pdb	0.581134
6ooy_site.pdb	1rt4_1_site.pdb	0.550731
6ooy_site.pdb	1rt5_1_site.pdb	0.561907
6ooy_site.pdb	1rt6_1_site.pdb	0.495714
6ooy_site.pdb	1rt7_1_site.pdb	0.573978
6ooy_site.pdb	1rth_1_site.pdb	0.544197
6ooy_site.pdb	1rti_1_site.pdb	0.598951
6ooy_site.pdb	1s1t_1_site.pdb	0.538522
6ooy_site.pdb	1s1u_1_site.pdb	0.584861
6ooy_site.pdb	1s1v_1_site.pdb	0.5842
6ooy_site.pdb	1s1w_1_site.pdb	0.563577
6ooy_site.pdb	1s1x_1_site.pdb	0.608965
6ooy_site.pdb	1tkt_1_site.pdb	0.481853
6ooy_site.pdb	1tkx_1_site.pdb	0.507089
6ooy_site.pdb	1tkz_1_site.pdb	0.472607
6ooy_site.pdb	1tl1_1_site.pdb	0.493974
6ooy_site.pdb	1tl3_1_site.pdb	0.483049
6ooy_site.pdb	1vrt_1_site.pdb	0.553089
6ooy_site.pdb	1vru_1_site.pdb	0.55011
6ooy_site.pdb	2hnd_1_site.pdb	0.56759
6ooy_site.pdb	2hny_1_site.pdb	0.569207
6ooy_site.pdb	2hnz_1_site.pdb	0.564328
6ooy_site.pdb	2opp_1_site.pdb	0.555904
6ooy_site.pdb	2opq_1_site.pdb	0.572507
6ooy_site.pdb	2opr_1_site.pdb	0.608012
6ooy_site.pdb	2ops_1_site.pdb	0.595884
6ooy_site.pdb	2rf2_1_site.pdb	0.502766
6ooy_site.pdb	2rki_1_site.pdb	0.565287
6ooy_site.pdb	2won_1_site.pdb	0.543297
6ooy_site.pdb	2ynf_1_site.pdb	0.583288
6ooy_site.pdb	2ynh_1_site.pdb	0.497318
6ooy_site.pdb	3c6t_1_site.pdb	0.553682
6ooy_site.pdb	3c6u_1_site.pdb	0.575048
6ooy_site.pdb	3di6_1_site.pdb	0.58831
6ooy_site.pdb	3dle_1_site.pdb	0.608851
6ooy_site.pdb	3dlg_1_site.pdb	0.569579
6ooy_site.pdb	3dok_1_site.pdb	0.5849
6ooy_site.pdb	3drp_1_site.pdb	0.596039
6ooy_site.pdb	3drr_1_site.pdb	0.584227
6ooy_site.pdb	3dya_1_site.pdb	0.576751
6ooy_site.pdb	3e01_1_site.pdb	0.540069
6ooy_site.pdb	3i0r_1_site.pdb	0.571102
6ooy_site.pdb	3i0s_1_site.pdb	0.594153
6ooy_site.pdb	3lak_1_site.pdb	0.590771
6ooy_site.pdb	3lal_1_site.pdb	0.566798
6ooy_site.pdb	3lam_1_site.pdb	0.547873
6ooy_site.pdb	3lan_1_site.pdb	0.56991
6ooy_site.pdb	3lp0_2_site.pdb	0.584362
6ooy_site.pdb	3lp1_2_site.pdb	0.571239
6ooy_site.pdb	3lp2_1_site.pdb	0.53135
6ooy_site.pdb	3m8p_1_site.pdb	0.574688
6ooy_site.pdb	3m8q_1_site.pdb	0.579109
6ooy_site.pdb	3mec_1_site.pdb	0.578966
6ooy_site.pdb	3med_1_site.pdb	0.57407
6ooy_site.pdb	3mee_1_site.pdb	0.511139
6ooy_site.pdb	3meg_1_site.pdb	0.507982
6ooy_site.pdb	3nbp_1_site.pdb	0.580903
6ooy_site.pdb	3qip_1_site.pdb	0.576075
6ooy_site.pdb	3t19_1_site.pdb	0.558827
6ooy_site.pdb	3t1a_1_site.pdb	0.574314
6ooy_site.pdb	3tam_1_site.pdb	0.568808
6ooy_site.pdb	4i7f_1_site.pdb	0.539942
6ooz_site.pdb	1c0t_1_site.pdb	0.525453
6ooz_site.pdb	1c0u_1_site.pdb	0.54924
6ooz_site.pdb	1c1b_1_site.pdb	0.574374
6ooz_site.pdb	1c1c_1_site.pdb	0.622186
6ooz_site.pdb	1ep4_1_site.pdb	0.599104
6ooz_site.pdb	1fk9_1_site.pdb	0.544361
6ooz_site.pdb	1fko_1_site.pdb	0.555388
6ooz_site.pdb	1fkp_1_site.pdb	0.574103
6ooz_site.pdb	1jkh_1_site.pdb	0.601517
6ooz_site.pdb	1jla_1_site.pdb	0.610146
6ooz_site.pdb	1jlb_1_site.pdb	0.557854
6ooz_site.pdb	1jlc_1_site.pdb	0.597011
6ooz_site.pdb	1jlf_1_site.pdb	0.561791
6ooz_site.pdb	1jlg_1_site.pdb	0.612836
6ooz_site.pdb	1jlq_1_site.pdb	0.528806
6ooz_site.pdb	1klm_1_site.pdb	0.584988
6ooz_site.pdb	1lw0_1_site.pdb	0.582049
6ooz_site.pdb	1lw2_1_site.pdb	0.542845
6ooz_site.pdb	1lwc_1_site.pdb	0.58116
6ooz_site.pdb	1lwe_1_site.pdb	0.570839
6ooz_site.pdb	1lwf_1_site.pdb	0.583895
6ooz_site.pdb	1rev_1_site.pdb	0.540372
6ooz_site.pdb	1rt1_1_site.pdb	0.649701
6ooz_site.pdb	1rt2_1_site.pdb	0.61239
6ooz_site.pdb	1rt3_1_site.pdb	0.537096
6ooz_site.pdb	1rt4_1_site.pdb	0.54605
6ooz_site.pdb	1rt5_1_site.pdb	0.532522
6ooz_site.pdb	1rt6_1_site.pdb	0.602767
6ooz_site.pdb	1rt7_1_site.pdb	0.566626
6ooz_site.pdb	1rth_1_site.pdb	0.545422
6ooz_site.pdb	1rti_1_site.pdb	0.629913
6ooz_site.pdb	1s1t_1_site.pdb	0.600585
6ooz_site.pdb	1s1u_1_site.pdb	0.57804
6ooz_site.pdb	1s1v_1_site.pdb	0.593059
6ooz_site.pdb	1s1w_1_site.pdb	0.594193
6ooz_site.pdb	1s1x_1_site.pdb	0.562202
6ooz_site.pdb	1tkt_1_site.pdb	0.587781
6ooz_site.pdb	1tkx_1_site.pdb	0.558363
6ooz_site.pdb	1tkz_1_site.pdb	0.566805
6ooz_site.pdb	1tl1_1_site.pdb	0.582233
6ooz_site.pdb	1tl3_1_site.pdb	0.547182
6ooz_site.pdb	1vrt_1_site.pdb	0.59076
6ooz_site.pdb	1vru_1_site.pdb	0.519996
6ooz_site.pdb	2hnd_1_site.pdb	0.577342
6ooz_site.pdb	2hny_1_site.pdb	0.55895
6ooz_site.pdb	2hnz_1_site.pdb	0.586741
6ooz_site.pdb	2opp_1_site.pdb	0.561047
6ooz_site.pdb	2opq_1_site.pdb	0.584195
6ooz_site.pdb	2opr_1_site.pdb	0.601581
6ooz_site.pdb	2ops_1_site.pdb	0.618447
6ooz_site.pdb	2rf2_1_site.pdb	0.568691
6ooz_site.pdb	2rki_1_site.pdb	0.605906
6ooz_site.pdb	2won_1_site.pdb	0.596894
6ooz_site.pdb	2ynf_1_site.pdb	0.598783
6ooz_site.pdb	2ynh_1_site.pdb	0.580011
6ooz_site.pdb	3c6t_1_site.pdb	0.565779
6ooz_site.pdb	3c6u_1_site.pdb	0.587137
6ooz_site.pdb	3di6_1_site.pdb	0.589162
6ooz_site.pdb	3dle_1_site.pdb	0.631367
6ooz_site.pdb	3dlg_1_site.pdb	0.591835
6ooz_site.pdb	3dok_1_site.pdb	0.573107
6ooz_site.pdb	3drp_1_site.pdb	0.568314
6ooz_site.pdb	3drr_1_site.pdb	0.570594
6ooz_site.pdb	3dya_1_site.pdb	0.570029
6ooz_site.pdb	3e01_1_site.pdb	0.542025
6ooz_site.pdb	3i0r_1_site.pdb	0.580649
6ooz_site.pdb	3i0s_1_site.pdb	0.600125
6ooz_site.pdb	3lak_1_site.pdb	0.580441
6ooz_site.pdb	3lal_1_site.pdb	0.619254
6ooz_site.pdb	3lam_1_site.pdb	0.592474
6ooz_site.pdb	3lan_1_site.pdb	0.590442
6ooz_site.pdb	3lp0_2_site.pdb	0.581873
6ooz_site.pdb	3lp1_2_site.pdb	0.585197
6ooz_site.pdb	3lp2_1_site.pdb	0.488206
6ooz_site.pdb	3m8p_1_site.pdb	0.576752
6ooz_site.pdb	3m8q_1_site.pdb	0.562647
6ooz_site.pdb	3mec_1_site.pdb	0.59088
6ooz_site.pdb	3med_1_site.pdb	0.596092
6ooz_site.pdb	3mee_1_site.pdb	0.5596
6ooz_site.pdb	3meg_1_site.pdb	0.585267
6ooz_site.pdb	3nbp_1_site.pdb	0.587335
6ooz_site.pdb	3qip_1_site.pdb	0.577709
6ooz_site.pdb	3t19_1_site.pdb	0.561882
6ooz_site.pdb	3t1a_1_site.pdb	0.562777
6ooz_site.pdb	3tam_1_site.pdb	0.587001
6ooz_site.pdb	4i7f_1_site.pdb	0.516527
6op0_site.pdb	1c0t_1_site.pdb	0.572396
6op0_site.pdb	1c0u_1_site.pdb	0.584995
6op0_site.pdb	1c1b_1_site.pdb	0.610137
6op0_site.pdb	1c1c_1_site.pdb	0.658819
6op0_site.pdb	1ep4_1_site.pdb	0.6036
6op0_site.pdb	1fk9_1_site.pdb	0.642927
6op0_site.pdb	1fko_1_site.pdb	0.648718
6op0_site.pdb	1fkp_1_site.pdb	0.604101
6op0_site.pdb	1jkh_1_site.pdb	0.627808
6op0_site.pdb	1jla_1_site.pdb	0.627243
6op0_site.pdb	1jlb_1_site.pdb	0.614601
6op0_site.pdb	1jlc_1_site.pdb	0.62625
6op0_site.pdb	1jlf_1_site.pdb	0.603559
6op0_site.pdb	1jlg_1_site.pdb	0.584732
6op0_site.pdb	1jlq_1_site.pdb	0.621103
6op0_site.pdb	1klm_1_site.pdb	0.621544
6op0_site.pdb	1lw0_1_site.pdb	0.600126
6op0_site.pdb	1lw2_1_site.pdb	0.548874
6op0_site.pdb	1lwc_1_site.pdb	0.622315
6op0_site.pdb	1lwe_1_site.pdb	0.600523
6op0_site.pdb	1lwf_1_site.pdb	0.593646
6op0_site.pdb	1rev_1_site.pdb	0.59823
6op0_site.pdb	1rt1_1_site.pdb	0.614736
6op0_site.pdb	1rt2_1_site.pdb	0.592797
6op0_site.pdb	1rt3_1_site.pdb	0.630162
6op0_site.pdb	1rt4_1_site.pdb	0.579612
6op0_site.pdb	1rt5_1_site.pdb	0.568138
6op0_site.pdb	1rt6_1_site.pdb	0.581899
6op0_site.pdb	1rt7_1_site.pdb	0.605139
6op0_site.pdb	1rth_1_site.pdb	0.568878
6op0_site.pdb	1rti_1_site.pdb	0.64406
6op0_site.pdb	1s1t_1_site.pdb	0.591198
6op0_site.pdb	1s1u_1_site.pdb	0.60115
6op0_site.pdb	1s1v_1_site.pdb	0.61605
6op0_site.pdb	1s1w_1_site.pdb	0.592986
6op0_site.pdb	1s1x_1_site.pdb	0.616322
6op0_site.pdb	1tkt_1_site.pdb	0.543473
6op0_site.pdb	1tkx_1_site.pdb	0.58037
6op0_site.pdb	1tkz_1_site.pdb	0.554383
6op0_site.pdb	1tl1_1_site.pdb	0.55933
6op0_site.pdb	1tl3_1_site.pdb	0.559936
6op0_site.pdb	1vrt_1_site.pdb	0.6042
6op0_site.pdb	1vru_1_site.pdb	0.607024
6op0_site.pdb	2hnd_1_site.pdb	0.600434
6op0_site.pdb	2hny_1_site.pdb	0.587583
6op0_site.pdb	2hnz_1_site.pdb	0.590856
6op0_site.pdb	2opp_1_site.pdb	0.592383
6op0_site.pdb	2opq_1_site.pdb	0.611139
6op0_site.pdb	2opr_1_site.pdb	0.613202
6op0_site.pdb	2ops_1_site.pdb	0.618049
6op0_site.pdb	2rf2_1_site.pdb	0.571384
6op0_site.pdb	2rki_1_site.pdb	0.620275
6op0_site.pdb	2won_1_site.pdb	0.631675
6op0_site.pdb	2ynf_1_site.pdb	0.632483
6op0_site.pdb	2ynh_1_site.pdb	0.615379
6op0_site.pdb	3c6t_1_site.pdb	0.604781
6op0_site.pdb	3c6u_1_site.pdb	0.608076
6op0_site.pdb	3di6_1_site.pdb	0.627936
6op0_site.pdb	3dle_1_site.pdb	0.626594
6op0_site.pdb	3dlg_1_site.pdb	0.625188
6op0_site.pdb	3dok_1_site.pdb	0.600153
6op0_site.pdb	3drp_1_site.pdb	0.640127
6op0_site.pdb	3drr_1_site.pdb	0.614584
6op0_site.pdb	3dya_1_site.pdb	0.617763
6op0_site.pdb	3e01_1_site.pdb	0.585255
6op0_site.pdb	3i0r_1_site.pdb	0.592286
6op0_site.pdb	3i0s_1_site.pdb	0.623237
6op0_site.pdb	3lak_1_site.pdb	0.592027
6op0_site.pdb	3lal_1_site.pdb	0.598425
6op0_site.pdb	3lam_1_site.pdb	0.603906
6op0_site.pdb	3lan_1_site.pdb	0.606618
6op0_site.pdb	3lp0_2_site.pdb	0.613557
6op0_site.pdb	3lp1_2_site.pdb	0.633172
6op0_site.pdb	3lp2_1_site.pdb	0.525767
6op0_site.pdb	3m8p_1_site.pdb	0.596906
6op0_site.pdb	3m8q_1_site.pdb	0.582673
6op0_site.pdb	3mec_1_site.pdb	0.600808
6op0_site.pdb	3med_1_site.pdb	0.605475
6op0_site.pdb	3mee_1_site.pdb	0.547369
6op0_site.pdb	3meg_1_site.pdb	0.541163
6op0_site.pdb	3nbp_1_site.pdb	0.596573
6op0_site.pdb	3qip_1_site.pdb	0.597551
6op0_site.pdb	3t19_1_site.pdb	0.604134
6op0_site.pdb	3t1a_1_site.pdb	0.600362
6op0_site.pdb	3tam_1_site.pdb	0.615388
6op0_site.pdb	4i7f_1_site.pdb	0.537622
6ooy_site.pdb	1s6q_1_site.pdb	0.49349
6ooy_site.pdb	1s9e_1_site.pdb	0.521909
6ooy_site.pdb	1tvr_1_site.pdb	0.494819
6ooy_site.pdb	2b5j_1_site.pdb	0.57742
6ooy_site.pdb	2ban_1_site.pdb	0.565196
6ooy_site.pdb	2be2_1_site.pdb	0.600619
6ooy_site.pdb	2ic3_1_site.pdb	0.538819
6ooy_site.pdb	2jle_1_site.pdb	0.578248
6ooy_site.pdb	2vg5_1_site.pdb	0.51728
6ooy_site.pdb	2vg7_1_site.pdb	0.51189
6ooy_site.pdb	2ykm_1_site.pdb	0.554594
6ooy_site.pdb	2zd1_1_site.pdb	0.488741
6ooy_site.pdb	2ze2_1_site.pdb	0.481152
6ooy_site.pdb	3bgr_1_site.pdb	0.58702
6ooy_site.pdb	3dmj_1_site.pdb	0.56049
6ooy_site.pdb	3dol_1_site.pdb	0.546
6ooy_site.pdb	3hvt_1_site.pdb	0.546567
6ooy_site.pdb	3irx_1_site.pdb	0.525203
6ooy_site.pdb	3is9_1_site.pdb	0.570518
6ooy_site.pdb	3qlh_2_site.pdb	0.517704
6ooy_site.pdb	4g1q_1_site.pdb	0.491805
6ooy_site.pdb	4h4m_1_site.pdb	0.579176
6ooy_site.pdb	4h4o_1_site.pdb	0.575135
6ooy_site.pdb	4i2p_1_site.pdb	0.498078
6ooy_site.pdb	4i2q_1_site.pdb	0.49055
6ooy_site.pdb	4id5_1_site.pdb	0.497368
6ooy_site.pdb	4ifv_1_site.pdb	0.490553
6ooy_site.pdb	4ig3_1_site.pdb	0.495428
6ooy_site.pdb	4kfb_2_site.pdb	0.490387
6ooy_site.pdb	4kko_1_site.pdb	0.48792
6ooy_site.pdb	4ko0_1_site.pdb	0.481831
6ooy_site.pdb	4lsl_1_site.pdb	0.592238
6ooy_site.pdb	4mfb_1_site.pdb	0.594023
6ooy_site.pdb	4rw4_1_site.pdb	0.526315
6ooy_site.pdb	4rw6_1_site.pdb	0.523919
6ooy_site.pdb	5cyq_1_site.pdb	0.470516
6ooz_site.pdb	1s6q_1_site.pdb	0.53151
6ooz_site.pdb	1s9e_1_site.pdb	0.518617
6ooz_site.pdb	1tvr_1_site.pdb	0.550612
6ooz_site.pdb	2b5j_1_site.pdb	0.59302
6ooz_site.pdb	2ban_1_site.pdb	0.569979
6ooz_site.pdb	2be2_1_site.pdb	0.611635
6ooz_site.pdb	2ic3_1_site.pdb	0.534781
6ooz_site.pdb	2jle_1_site.pdb	0.56391
6ooz_site.pdb	2vg5_1_site.pdb	0.527064
6ooz_site.pdb	2vg7_1_site.pdb	0.521079
6ooz_site.pdb	2ykm_1_site.pdb	0.540232
6ooz_site.pdb	2zd1_1_site.pdb	0.509965
6ooz_site.pdb	2ze2_1_site.pdb	0.550284
6ooz_site.pdb	3bgr_1_site.pdb	0.522044
6ooz_site.pdb	3dmj_1_site.pdb	0.589452
6ooz_site.pdb	3dol_1_site.pdb	0.59301
6ooz_site.pdb	3hvt_1_site.pdb	0.526613
6ooz_site.pdb	3irx_1_site.pdb	0.557993
6ooz_site.pdb	3is9_1_site.pdb	0.540787
6ooz_site.pdb	3qlh_2_site.pdb	0.544662
6ooz_site.pdb	4g1q_1_site.pdb	0.51535
6ooz_site.pdb	4h4m_1_site.pdb	0.602835
6ooz_site.pdb	4h4o_1_site.pdb	0.604871
6ooz_site.pdb	4i2p_1_site.pdb	0.500089
6ooz_site.pdb	4i2q_1_site.pdb	0.528416
6ooz_site.pdb	4id5_1_site.pdb	0.541655
6ooz_site.pdb	4ifv_1_site.pdb	0.530104
6ooz_site.pdb	4ig3_1_site.pdb	0.521484
6ooz_site.pdb	4kfb_2_site.pdb	0.521151
6ooz_site.pdb	4kko_1_site.pdb	0.498748
6ooz_site.pdb	4ko0_1_site.pdb	0.546089
6ooz_site.pdb	4lsl_1_site.pdb	0.591651
6ooz_site.pdb	4mfb_1_site.pdb	0.58164
6ooz_site.pdb	4rw4_1_site.pdb	0.556767
6ooz_site.pdb	4rw6_1_site.pdb	0.562143
6ooz_site.pdb	5cyq_1_site.pdb	0.507328
6op0_site.pdb	1s6q_1_site.pdb	0.513925
6op0_site.pdb	1s9e_1_site.pdb	0.514888
6op0_site.pdb	1tvr_1_site.pdb	0.564429
6op0_site.pdb	2b5j_1_site.pdb	0.593251
6op0_site.pdb	2ban_1_site.pdb	0.577288
6op0_site.pdb	2be2_1_site.pdb	0.620563
6op0_site.pdb	2ic3_1_site.pdb	0.605119
6op0_site.pdb	2jle_1_site.pdb	0.586603
6op0_site.pdb	2vg5_1_site.pdb	0.53179
6op0_site.pdb	2vg7_1_site.pdb	0.528272
6op0_site.pdb	2ykm_1_site.pdb	0.571698
6op0_site.pdb	2zd1_1_site.pdb	0.545068
6op0_site.pdb	2ze2_1_site.pdb	0.537014
6op0_site.pdb	3bgr_1_site.pdb	0.608246
6op0_site.pdb	3dmj_1_site.pdb	0.633272
6op0_site.pdb	3dol_1_site.pdb	0.610088
6op0_site.pdb	3hvt_1_site.pdb	0.583099
6op0_site.pdb	3irx_1_site.pdb	0.559155
6op0_site.pdb	3is9_1_site.pdb	0.610163
6op0_site.pdb	3qlh_2_site.pdb	0.532308
6op0_site.pdb	4g1q_1_site.pdb	0.509067
6op0_site.pdb	4h4m_1_site.pdb	0.608186
6op0_site.pdb	4h4o_1_site.pdb	0.604032
6op0_site.pdb	4i2p_1_site.pdb	0.51696
6op0_site.pdb	4i2q_1_site.pdb	0.502489
6op0_site.pdb	4id5_1_site.pdb	0.50443
6op0_site.pdb	4ifv_1_site.pdb	0.517282
6op0_site.pdb	4ig3_1_site.pdb	0.52001
6op0_site.pdb	4kfb_2_site.pdb	0.483279
6op0_site.pdb	4kko_1_site.pdb	0.505753
6op0_site.pdb	4ko0_1_site.pdb	0.51263
6op0_site.pdb	4lsl_1_site.pdb	0.60277
6op0_site.pdb	4mfb_1_site.pdb	0.605712
6op0_site.pdb	4rw4_1_site.pdb	0.564604
6op0_site.pdb	4rw6_1_site.pdb	0.570547
6op0_site.pdb	5cyq_1_site.pdb	0.513914
