Source	Target	Score
ic_1c0t_1_BM1_frag1_cavity4	6ooy_cavityALL	0.6036
ic_1c0t_1_BM1_frag2_cavity4	6ooy_cavityALL	0.5638
ic_1c0u_1_BM5_frag1_cavity4	6ooy_cavityALL	0.5042
ic_1c0u_1_BM5_frag2_cavity4	6ooy_cavityALL	0.6091
ic_1c1b_1_GCA_frag1_cavity4	6ooy_cavityALL	0.5807
ic_1c1b_1_GCA_frag2_cavity4	6ooy_cavityALL	0.5753
ic_1c1c_1_612_frag1_cavity4	6ooy_cavityALL	0.6205
ic_1c1c_1_612_frag2_cavity4	6ooy_cavityALL	0.6019
ic_1ep4_1_S11_frag1_cavity4	6ooy_cavityALL	0.5266
ic_1ep4_1_S11_frag2_cavity4	6ooy_cavityALL	0.4733
ic_1ep4_1_S11_frag3_cavity4	6ooy_cavityALL	0.4097
ic_1fk9_1_EFZ_frag1_cavity4	6ooy_cavityALL	0.521
ic_1fk9_1_EFZ_frag2_cavity4	6ooy_cavityALL	0.5637
ic_1fko_1_EFZ_frag1_cavity4	6ooy_cavityALL	0.4494
ic_1fko_1_EFZ_frag2_cavity4	6ooy_cavityALL	0.4627
ic_1fkp_1_NVP_frag1_cavity4	6ooy_cavityALL	0.5268
ic_1fkp_1_NVP_frag2_cavity4	6ooy_cavityALL	0.5745
ic_1jkh_1_EFZ_frag1_cavity4	6ooy_cavityALL	0.553
ic_1jkh_1_EFZ_frag2_cavity4	6ooy_cavityALL	0.5386
ic_1jla_1_TNK_frag1_cavity4	6ooy_cavityALL	0.4648
ic_1jla_1_TNK_frag2_cavity4	6ooy_cavityALL	0.5506
ic_1jla_1_TNK_frag3_cavity4	6ooy_cavityALL	0.4139
ic_1jlb_1_NVP_frag1_cavity4	6ooy_cavityALL	0.6533
ic_1jlb_1_NVP_frag2_cavity4	6ooy_cavityALL	0.5989
ic_1jlc_1_FTC_frag1_cavity4	6ooy_cavityALL	0.5452
ic_1jlc_1_FTC_frag2_cavity4	6ooy_cavityALL	0.5208
ic_1jlf_1_NVP_frag1_cavity4	6ooy_cavityALL	0.4752
ic_1jlf_1_NVP_frag2_cavity4	6ooy_cavityALL	0.4934
ic_1jlg_1_UC1_frag1_cavity4	6ooy_cavityALL	0.4831
ic_1jlq_1_SBN_frag1_cavity4	6ooy_cavityALL	0.4724
ic_1klm_1_SPP_frag1_cavity4	6ooy_cavityALL	0.4513
ic_1lw0_1_NVP_frag1_cavity4	6ooy_cavityALL	0.5268
ic_1lw0_1_NVP_frag2_cavity4	6ooy_cavityALL	0.6076
ic_1lw2_1_U05_frag1_cavity4	6ooy_cavityALL	0.556
ic_1lwc_1_NVP_frag1_cavity4	6ooy_cavityALL	0.7024
ic_1lwc_1_NVP_frag2_cavity4	6ooy_cavityALL	0.6985
ic_1lwe_1_NVP_frag1_cavity4	6ooy_cavityALL	0.654
ic_1lwe_1_NVP_frag2_cavity4	6ooy_cavityALL	0.5801
ic_1lwf_1_NVP_frag1_cavity4	6ooy_cavityALL	0.4991
ic_1lwf_1_NVP_frag2_cavity4	6ooy_cavityALL	0.5709
ic_1rev_1_TB9_frag1_cavity4	6ooy_cavityALL	0.5941
ic_1rt1_1_MKC_frag1_cavity4	6ooy_cavityALL	0.4643
ic_1rt1_1_MKC_frag2_cavity4	6ooy_cavityALL	0.4213
ic_1rt2_1_TNK_frag1_cavity4	6ooy_cavityALL	0.5024
ic_1rt2_1_TNK_frag2_cavity4	6ooy_cavityALL	0.5942
ic_1rt2_1_TNK_frag3_cavity4	6ooy_cavityALL	0.4215
ic_1rt3_1_U05_frag1_cavity4	6ooy_cavityALL	0.5454
ic_1rt4_1_UC1_frag1_cavity4	6ooy_cavityALL	0.6058
ic_1rt5_1_UC2_frag1_cavity4	6ooy_cavityALL	0.4945
ic_1rt6_1_UC3_frag1_cavity4	6ooy_cavityALL	0.5444
ic_1rt7_1_UC4_frag1_cavity4	6ooy_cavityALL	0.5222
ic_1rth_1_U05_frag1_cavity4	6ooy_cavityALL	0.4434
ic_1rti_1_HEF_frag1_cavity4	6ooy_cavityALL	0.4808
ic_1rti_1_HEF_frag2_cavity4	6ooy_cavityALL	0.5189
ic_1s1t_1_UC1_frag1_cavity4	6ooy_cavityALL	0.5617
ic_1s1u_1_NVP_frag1_cavity4	6ooy_cavityALL	0.6533
ic_1s1u_1_NVP_frag2_cavity4	6ooy_cavityALL	0.5588
ic_1s1v_1_TNK_frag1_cavity4	6ooy_cavityALL	0.431
ic_1s1v_1_TNK_frag2_cavity4	6ooy_cavityALL	0.4643
ic_1s1v_1_TNK_frag3_cavity4	6ooy_cavityALL	0.4301
ic_1s1w_1_UC1_frag1_cavity4	6ooy_cavityALL	0.6353
ic_1s1x_1_NVP_frag1_cavity4	6ooy_cavityALL	0.5268
ic_1s1x_1_NVP_frag2_cavity4	6ooy_cavityALL	0.5772
ic_1tkt_1_H12_frag1_cavity4	6ooy_cavityALL	0.5226
ic_1tkx_1_GWB_frag1_cavity4	6ooy_cavityALL	0.5141
ic_1tkx_1_GWB_frag2_cavity4	6ooy_cavityALL	0.5624
ic_1tkz_1_H16_frag1_cavity4	6ooy_cavityALL	0.4591
ic_1tkz_1_H16_frag2_cavity4	6ooy_cavityALL	0.5709
ic_1tl1_1_H18_frag1_cavity4	6ooy_cavityALL	0.5469
ic_1tl3_1_H20_frag1_cavity4	6ooy_cavityALL	0.5901
ic_1vrt_1_NVP_frag1_cavity4	6ooy_cavityALL	0.625
ic_1vrt_1_NVP_frag2_cavity4	6ooy_cavityALL	0.6424
ic_1vru_1_AAP_frag1_cavity4	6ooy_cavityALL	0.5617
ic_1vru_1_AAP_frag2_cavity4	6ooy_cavityALL	0.6791
ic_2hnd_1_NVP_frag1_cavity4	6ooy_cavityALL	0.6964
ic_2hnd_1_NVP_frag2_cavity4	6ooy_cavityALL	0.638
ic_2hny_1_NVP_frag1_cavity4	6ooy_cavityALL	0.6687
ic_2hny_1_NVP_frag2_cavity4	6ooy_cavityALL	0.593
ic_2hnz_1_PC0_frag1_cavity4	6ooy_cavityALL	0.6341
ic_2hnz_1_PC0_frag2_cavity4	6ooy_cavityALL	0.5755
ic_2opp_1_HBQ_frag1_cavity4	6ooy_cavityALL	0.5671
ic_2opq_1_HBQ_frag1_cavity4	6ooy_cavityALL	0.6018
ic_2opr_1_HBQ_frag1_cavity4	6ooy_cavityALL	0.5477
ic_2ops_1_HBQ_frag1_cavity4	6ooy_cavityALL	0.45
ic_2rf2_1_MRX_frag1_cavity4	6ooy_cavityALL	0.5266
ic_2rki_1_TT1_frag1_cavity4	6ooy_cavityALL	0.5518
ic_2rki_1_TT1_frag2_cavity4	6ooy_cavityALL	0.4477
ic_2rki_1_TT1_frag3_cavity4	6ooy_cavityALL	0.5673
ic_2won_1_ZZE_frag1_cavity4	6ooy_cavityALL	0.6046
ic_2ynf_1_WHU_frag1_cavity4	6ooy_cavityALL	0.4304
ic_2ynh_1_EUR_frag1_cavity4	6ooy_cavityALL	0.4479
ic_3c6t_1_M14_frag1_cavity4	6ooy_cavityALL	0.4966
ic_3c6t_1_M14_frag2_cavity4	6ooy_cavityALL	0.45
ic_3c6u_1_M22_frag1_cavity4	6ooy_cavityALL	0.4984
ic_3c6u_1_M22_frag2_cavity4	6ooy_cavityALL	0.5267
ic_3di6_1_PDZ_frag1_cavity4	6ooy_cavityALL	0.6134
ic_3di6_1_PDZ_frag2_cavity4	6ooy_cavityALL	0.5176
ic_3dle_1_GFA_frag1_cavity4	6ooy_cavityALL	0.5117
ic_3dle_1_GFA_frag2_cavity4	6ooy_cavityALL	0.4802
ic_3dlg_1_GWE_frag1_cavity4	6ooy_cavityALL	0.5024
ic_3dlg_1_GWE_frag2_cavity4	6ooy_cavityALL	0.5195
ic_3dok_1_GWJ_frag1_cavity4	6ooy_cavityALL	0.4827
ic_3dok_1_GWJ_frag2_cavity4	6ooy_cavityALL	0.3511
ic_3drp_1_R8E_frag1_cavity4	6ooy_cavityALL	0.5416
ic_3drp_1_R8E_frag2_cavity4	6ooy_cavityALL	0.4643
ic_3drr_1_R8E_frag1_cavity4	6ooy_cavityALL	0.5223
ic_3drr_1_R8E_frag2_cavity4	6ooy_cavityALL	0.5644
ic_3dya_1_PZL_frag1_cavity4	6ooy_cavityALL	0.5376
ic_3dya_1_PZL_frag2_cavity4	6ooy_cavityALL	0.399
ic_3e01_1_PZ2_frag1_cavity4	6ooy_cavityALL	0.4403
ic_3e01_1_PZ2_frag2_cavity4	6ooy_cavityALL	0.4416
ic_3i0r_1_RT3_frag1_cavity4	6ooy_cavityALL	0.5852
ic_3i0r_1_RT3_frag2_cavity4	6ooy_cavityALL	0.4973
ic_3i0s_1_RT7_frag1_cavity4	6ooy_cavityALL	0.4921
ic_3i0s_1_RT7_frag2_cavity4	6ooy_cavityALL	0.5103
ic_3lak_1_KR1_frag1_cavity4	6ooy_cavityALL	0.4802
ic_3lak_1_KR1_frag2_cavity4	6ooy_cavityALL	0.4434
ic_3lal_1_KRV_frag1_cavity4	6ooy_cavityALL	0.5098
ic_3lam_1_KRP_frag1_cavity4	6ooy_cavityALL	0.4566
ic_3lan_1_KBT_frag1_cavity4	6ooy_cavityALL	0.4086
ic_3lp0_2_NVP_frag1_cavity4	6ooy_cavityALL	0.6897
ic_3lp0_2_NVP_frag2_cavity4	6ooy_cavityALL	0.5317
ic_3lp1_2_NVP_frag1_cavity4	6ooy_cavityALL	0.6049
ic_3lp1_2_NVP_frag2_cavity4	6ooy_cavityALL	0.5549
ic_3lp2_1_LP9_frag1_cavity4	6ooy_cavityALL	0.4564
ic_3m8p_1_65B_frag1_cavity4	6ooy_cavityALL	0.4566
ic_3m8q_1_DJZ_frag1_cavity4	6ooy_cavityALL	0.4738
ic_3mec_1_65B_frag1_cavity4	6ooy_cavityALL	0.5143
ic_3med_1_65B_frag1_cavity4	6ooy_cavityALL	0.4779
ic_3mee_1_T27_frag1_cavity4	6ooy_cavityALL	0.5033
ic_3meg_1_T27_frag1_cavity4	6ooy_cavityALL	0.5067
ic_3nbp_1_JGZ_frag1_cavity4	6ooy_cavityALL	0.5226
ic_3nbp_1_JGZ_frag2_cavity4	6ooy_cavityALL	0.4348
ic_3qip_1_NVP_frag1_cavity4	6ooy_cavityALL	0.6759
ic_3qip_1_NVP_frag2_cavity4	6ooy_cavityALL	0.5803
ic_3t19_1_5MA_frag1_cavity4	6ooy_cavityALL	0.4778
ic_3t19_1_5MA_frag2_cavity4	6ooy_cavityALL	0.3606
ic_3t1a_1_5MA_frag1_cavity4	6ooy_cavityALL	0.5078
ic_3t1a_1_5MA_frag2_cavity4	6ooy_cavityALL	0.5017
ic_3tam_1_M06_frag1_cavity4	6ooy_cavityALL	0.5266
ic_3tam_1_M06_frag2_cavity4	6ooy_cavityALL	0.47
ic_4i7f_1_NVE_frag1_cavity4	6ooy_cavityALL	0.5363
ic_4i7f_1_NVE_frag2_cavity4	6ooy_cavityALL	0.3679
ic_1c0t_1_BM1_frag1_cavity4	6ooz_cavityALL	0.6057
ic_1c0t_1_BM1_frag2_cavity4	6ooz_cavityALL	0.708
ic_1c0u_1_BM5_frag1_cavity4	6ooz_cavityALL	0.6071
ic_1c0u_1_BM5_frag2_cavity4	6ooz_cavityALL	0.5946
ic_1c1b_1_GCA_frag1_cavity4	6ooz_cavityALL	0.6105
ic_1c1b_1_GCA_frag2_cavity4	6ooz_cavityALL	0.4419
ic_1c1c_1_612_frag1_cavity4	6ooz_cavityALL	0.6245
ic_1c1c_1_612_frag2_cavity4	6ooz_cavityALL	0.5052
ic_1ep4_1_S11_frag1_cavity4	6ooz_cavityALL	0.5011
ic_1ep4_1_S11_frag2_cavity4	6ooz_cavityALL	0.5477
ic_1ep4_1_S11_frag3_cavity4	6ooz_cavityALL	0.4754
ic_1fk9_1_EFZ_frag1_cavity4	6ooz_cavityALL	0.6502
ic_1fk9_1_EFZ_frag2_cavity4	6ooz_cavityALL	0.5907
ic_1fko_1_EFZ_frag1_cavity4	6ooz_cavityALL	0.4701
ic_1fko_1_EFZ_frag2_cavity4	6ooz_cavityALL	0.7727
ic_1fkp_1_NVP_frag1_cavity4	6ooz_cavityALL	0.5217
ic_1fkp_1_NVP_frag2_cavity4	6ooz_cavityALL	0.5183
ic_1jkh_1_EFZ_frag1_cavity4	6ooz_cavityALL	0.5658
ic_1jkh_1_EFZ_frag2_cavity4	6ooz_cavityALL	0.5874
ic_1jla_1_TNK_frag1_cavity4	6ooz_cavityALL	0.6239
ic_1jla_1_TNK_frag2_cavity4	6ooz_cavityALL	0.4725
ic_1jla_1_TNK_frag3_cavity4	6ooz_cavityALL	0.5428
ic_1jlb_1_NVP_frag1_cavity4	6ooz_cavityALL	0.545
ic_1jlb_1_NVP_frag2_cavity4	6ooz_cavityALL	0.6659
ic_1jlc_1_FTC_frag1_cavity4	6ooz_cavityALL	0.4109
ic_1jlc_1_FTC_frag2_cavity4	6ooz_cavityALL	0.6778
ic_1jlf_1_NVP_frag1_cavity4	6ooz_cavityALL	0.5098
ic_1jlf_1_NVP_frag2_cavity4	6ooz_cavityALL	0.5392
ic_1jlg_1_UC1_frag1_cavity4	6ooz_cavityALL	0.5802
ic_1jlq_1_SBN_frag1_cavity4	6ooz_cavityALL	0.467
ic_1klm_1_SPP_frag1_cavity4	6ooz_cavityALL	0.4841
ic_1lw0_1_NVP_frag1_cavity4	6ooz_cavityALL	0.6576
ic_1lw0_1_NVP_frag2_cavity4	6ooz_cavityALL	0.6417
ic_1lw2_1_U05_frag1_cavity4	6ooz_cavityALL	0.5118
ic_1lwc_1_NVP_frag1_cavity4	6ooz_cavityALL	0.7369
ic_1lwc_1_NVP_frag2_cavity4	6ooz_cavityALL	0.6834
ic_1lwe_1_NVP_frag1_cavity4	6ooz_cavityALL	0.4618
ic_1lwe_1_NVP_frag2_cavity4	6ooz_cavityALL	0.562
ic_1lwf_1_NVP_frag1_cavity4	6ooz_cavityALL	0.5937
ic_1lwf_1_NVP_frag2_cavity4	6ooz_cavityALL	0.685
ic_1rev_1_TB9_frag1_cavity4	6ooz_cavityALL	0.5817
ic_1rt1_1_MKC_frag1_cavity4	6ooz_cavityALL	0.7094
ic_1rt1_1_MKC_frag2_cavity4	6ooz_cavityALL	0.4863
ic_1rt2_1_TNK_frag1_cavity4	6ooz_cavityALL	0.7086
ic_1rt2_1_TNK_frag2_cavity4	6ooz_cavityALL	0.6686
ic_1rt2_1_TNK_frag3_cavity4	6ooz_cavityALL	0.5112
ic_1rt3_1_U05_frag1_cavity4	6ooz_cavityALL	0.4946
ic_1rt4_1_UC1_frag1_cavity4	6ooz_cavityALL	0.5977
ic_1rt5_1_UC2_frag1_cavity4	6ooz_cavityALL	0.5531
ic_1rt6_1_UC3_frag1_cavity4	6ooz_cavityALL	0.4167
ic_1rt7_1_UC4_frag1_cavity4	6ooz_cavityALL	0.4838
ic_1rth_1_U05_frag1_cavity4	6ooz_cavityALL	0.5437
ic_1rti_1_HEF_frag1_cavity4	6ooz_cavityALL	0.5481
ic_1rti_1_HEF_frag2_cavity4	6ooz_cavityALL	0.7027
ic_1s1t_1_UC1_frag1_cavity4	6ooz_cavityALL	0.6564
ic_1s1u_1_NVP_frag1_cavity4	6ooz_cavityALL	0.5213
ic_1s1u_1_NVP_frag2_cavity4	6ooz_cavityALL	0.6492
ic_1s1v_1_TNK_frag1_cavity4	6ooz_cavityALL	0.7317
ic_1s1v_1_TNK_frag2_cavity4	6ooz_cavityALL	0.5659
ic_1s1v_1_TNK_frag3_cavity4	6ooz_cavityALL	0.4848
ic_1s1w_1_UC1_frag1_cavity4	6ooz_cavityALL	0.5515
ic_1s1x_1_NVP_frag1_cavity4	6ooz_cavityALL	0.6054
ic_1s1x_1_NVP_frag2_cavity4	6ooz_cavityALL	0.5989
ic_1tkt_1_H12_frag1_cavity4	6ooz_cavityALL	0.5483
ic_1tkx_1_GWB_frag1_cavity4	6ooz_cavityALL	0.5944
ic_1tkx_1_GWB_frag2_cavity4	6ooz_cavityALL	0.4862
ic_1tkz_1_H16_frag1_cavity4	6ooz_cavityALL	0.6977
ic_1tkz_1_H16_frag2_cavity4	6ooz_cavityALL	0.5812
ic_1tl1_1_H18_frag1_cavity4	6ooz_cavityALL	0.559
ic_1tl3_1_H20_frag1_cavity4	6ooz_cavityALL	0.6111
ic_1vrt_1_NVP_frag1_cavity4	6ooz_cavityALL	0.7291
ic_1vrt_1_NVP_frag2_cavity4	6ooz_cavityALL	0.6912
ic_1vru_1_AAP_frag1_cavity4	6ooz_cavityALL	0.6733
ic_1vru_1_AAP_frag2_cavity4	6ooz_cavityALL	0.6227
ic_2hnd_1_NVP_frag1_cavity4	6ooz_cavityALL	0.6305
ic_2hnd_1_NVP_frag2_cavity4	6ooz_cavityALL	0.6417
ic_2hny_1_NVP_frag1_cavity4	6ooz_cavityALL	0.7256
ic_2hny_1_NVP_frag2_cavity4	6ooz_cavityALL	0.6807
ic_2hnz_1_PC0_frag1_cavity4	6ooz_cavityALL	0.4442
ic_2hnz_1_PC0_frag2_cavity4	6ooz_cavityALL	0.5872
ic_2opp_1_HBQ_frag1_cavity4	6ooz_cavityALL	0.5176
ic_2opq_1_HBQ_frag1_cavity4	6ooz_cavityALL	0.5611
ic_2opr_1_HBQ_frag1_cavity4	6ooz_cavityALL	0.6466
ic_2ops_1_HBQ_frag1_cavity4	6ooz_cavityALL	0.5141
ic_2rf2_1_MRX_frag1_cavity4	6ooz_cavityALL	0.5344
ic_2rki_1_TT1_frag1_cavity4	6ooz_cavityALL	0.55
ic_2rki_1_TT1_frag2_cavity4	6ooz_cavityALL	0.4809
ic_2rki_1_TT1_frag3_cavity4	6ooz_cavityALL	0.4783
ic_2won_1_ZZE_frag1_cavity4	6ooz_cavityALL	0.4625
ic_2ynf_1_WHU_frag1_cavity4	6ooz_cavityALL	0.4321
ic_2ynh_1_EUR_frag1_cavity4	6ooz_cavityALL	0.5096
ic_3c6t_1_M14_frag1_cavity4	6ooz_cavityALL	0.4902
ic_3c6t_1_M14_frag2_cavity4	6ooz_cavityALL	0.4133
ic_3c6u_1_M22_frag1_cavity4	6ooz_cavityALL	0.4253
ic_3c6u_1_M22_frag2_cavity4	6ooz_cavityALL	0.4685
ic_3di6_1_PDZ_frag1_cavity4	6ooz_cavityALL	0.5422
ic_3di6_1_PDZ_frag2_cavity4	6ooz_cavityALL	0.4913
ic_3dle_1_GFA_frag1_cavity4	6ooz_cavityALL	0.5882
ic_3dle_1_GFA_frag2_cavity4	6ooz_cavityALL	0.5565
ic_3dlg_1_GWE_frag1_cavity4	6ooz_cavityALL	0.5394
ic_3dlg_1_GWE_frag2_cavity4	6ooz_cavityALL	0.3591
ic_3dok_1_GWJ_frag1_cavity4	6ooz_cavityALL	0.5122
ic_3dok_1_GWJ_frag2_cavity4	6ooz_cavityALL	0.3865
ic_3drp_1_R8E_frag1_cavity4	6ooz_cavityALL	0.4976
ic_3drp_1_R8E_frag2_cavity4	6ooz_cavityALL	0.4729
ic_3drr_1_R8E_frag1_cavity4	6ooz_cavityALL	0.4737
ic_3drr_1_R8E_frag2_cavity4	6ooz_cavityALL	0.501
ic_3dya_1_PZL_frag1_cavity4	6ooz_cavityALL	0.5471
ic_3dya_1_PZL_frag2_cavity4	6ooz_cavityALL	0.3484
ic_3e01_1_PZ2_frag1_cavity4	6ooz_cavityALL	0.3942
ic_3e01_1_PZ2_frag2_cavity4	6ooz_cavityALL	0.4541
ic_3i0r_1_RT3_frag1_cavity4	6ooz_cavityALL	0.321
ic_3i0r_1_RT3_frag2_cavity4	6ooz_cavityALL	0.6372
ic_3i0s_1_RT7_frag1_cavity4	6ooz_cavityALL	0.6642
ic_3i0s_1_RT7_frag2_cavity4	6ooz_cavityALL	0.4144
ic_3lak_1_KR1_frag1_cavity4	6ooz_cavityALL	0.5059
ic_3lak_1_KR1_frag2_cavity4	6ooz_cavityALL	0.5387
ic_3lal_1_KRV_frag1_cavity4	6ooz_cavityALL	0.4923
ic_3lam_1_KRP_frag1_cavity4	6ooz_cavityALL	0.5361
ic_3lan_1_KBT_frag1_cavity4	6ooz_cavityALL	0.5385
ic_3lp0_2_NVP_frag1_cavity4	6ooz_cavityALL	0.7242
ic_3lp0_2_NVP_frag2_cavity4	6ooz_cavityALL	0.6267
ic_3lp1_2_NVP_frag1_cavity4	6ooz_cavityALL	0.6739
ic_3lp1_2_NVP_frag2_cavity4	6ooz_cavityALL	0.6261
ic_3lp2_1_LP9_frag1_cavity4	6ooz_cavityALL	0.4239
ic_3m8p_1_65B_frag1_cavity4	6ooz_cavityALL	0.4404
ic_3m8q_1_DJZ_frag1_cavity4	6ooz_cavityALL	0.4274
ic_3mec_1_65B_frag1_cavity4	6ooz_cavityALL	0.4434
ic_3med_1_65B_frag1_cavity4	6ooz_cavityALL	0.4358
ic_3mee_1_T27_frag1_cavity4	6ooz_cavityALL	0.5283
ic_3meg_1_T27_frag1_cavity4	6ooz_cavityALL	0.4233
ic_3nbp_1_JGZ_frag1_cavity4	6ooz_cavityALL	0.3752
ic_3nbp_1_JGZ_frag2_cavity4	6ooz_cavityALL	0.55
ic_3qip_1_NVP_frag1_cavity4	6ooz_cavityALL	0.6215
ic_3qip_1_NVP_frag2_cavity4	6ooz_cavityALL	0.5467
ic_3t19_1_5MA_frag1_cavity4	6ooz_cavityALL	0.5447
ic_3t19_1_5MA_frag2_cavity4	6ooz_cavityALL	0.6169
ic_3t1a_1_5MA_frag1_cavity4	6ooz_cavityALL	0.4748
ic_3t1a_1_5MA_frag2_cavity4	6ooz_cavityALL	0.6049
ic_3tam_1_M06_frag1_cavity4	6ooz_cavityALL	0.5359
ic_3tam_1_M06_frag2_cavity4	6ooz_cavityALL	0.5846
ic_4i7f_1_NVE_frag1_cavity4	6ooz_cavityALL	0.4419
ic_4i7f_1_NVE_frag2_cavity4	6ooz_cavityALL	0.4216
ic_1c0t_1_BM1_frag1_cavity4	6op0_cavityALL	0.5833
ic_1c0t_1_BM1_frag2_cavity4	6op0_cavityALL	0.6129
ic_1c0u_1_BM5_frag1_cavity4	6op0_cavityALL	0.6761
ic_1c0u_1_BM5_frag2_cavity4	6op0_cavityALL	0.6805
ic_1c1b_1_GCA_frag1_cavity4	6op0_cavityALL	0.5031
ic_1c1b_1_GCA_frag2_cavity4	6op0_cavityALL	0.6369
ic_1c1c_1_612_frag1_cavity4	6op0_cavityALL	0.4651
ic_1c1c_1_612_frag2_cavity4	6op0_cavityALL	0.5355
ic_1ep4_1_S11_frag1_cavity4	6op0_cavityALL	0.443
ic_1ep4_1_S11_frag2_cavity4	6op0_cavityALL	0.4615
ic_1ep4_1_S11_frag3_cavity4	6op0_cavityALL	0.339
ic_1fk9_1_EFZ_frag1_cavity4	6op0_cavityALL	0.4897
ic_1fk9_1_EFZ_frag2_cavity4	6op0_cavityALL	0.5955
ic_1fko_1_EFZ_frag1_cavity4	6op0_cavityALL	0.5233
ic_1fko_1_EFZ_frag2_cavity4	6op0_cavityALL	0.4427
ic_1fkp_1_NVP_frag1_cavity4	6op0_cavityALL	0.5123
ic_1fkp_1_NVP_frag2_cavity4	6op0_cavityALL	0.4813
ic_1jkh_1_EFZ_frag1_cavity4	6op0_cavityALL	0.4639
ic_1jkh_1_EFZ_frag2_cavity4	6op0_cavityALL	0.4739
ic_1jla_1_TNK_frag1_cavity4	6op0_cavityALL	0.4059
ic_1jla_1_TNK_frag2_cavity4	6op0_cavityALL	0.4576
ic_1jla_1_TNK_frag3_cavity4	6op0_cavityALL	0.4938
ic_1jlb_1_NVP_frag1_cavity4	6op0_cavityALL	0.6816
ic_1jlb_1_NVP_frag2_cavity4	6op0_cavityALL	0.5501
ic_1jlc_1_FTC_frag1_cavity4	6op0_cavityALL	0.611
ic_1jlc_1_FTC_frag2_cavity4	6op0_cavityALL	0.617
ic_1jlf_1_NVP_frag1_cavity4	6op0_cavityALL	0.4175
ic_1jlf_1_NVP_frag2_cavity4	6op0_cavityALL	0.4194
ic_1jlg_1_UC1_frag1_cavity4	6op0_cavityALL	0.534
ic_1jlq_1_SBN_frag1_cavity4	6op0_cavityALL	0.5935
ic_1klm_1_SPP_frag1_cavity4	6op0_cavityALL	0.3937
ic_1lw0_1_NVP_frag1_cavity4	6op0_cavityALL	0.6554
ic_1lw0_1_NVP_frag2_cavity4	6op0_cavityALL	0.5293
ic_1lw2_1_U05_frag1_cavity4	6op0_cavityALL	0.4992
ic_1lwc_1_NVP_frag1_cavity4	6op0_cavityALL	0.6716
ic_1lwc_1_NVP_frag2_cavity4	6op0_cavityALL	0.6267
ic_1lwe_1_NVP_frag1_cavity4	6op0_cavityALL	0.6233
ic_1lwe_1_NVP_frag2_cavity4	6op0_cavityALL	0.4931
ic_1lwf_1_NVP_frag1_cavity4	6op0_cavityALL	0.541
ic_1lwf_1_NVP_frag2_cavity4	6op0_cavityALL	0.5045
ic_1rev_1_TB9_frag1_cavity4	6op0_cavityALL	0.5425
ic_1rt1_1_MKC_frag1_cavity4	6op0_cavityALL	0.6126
ic_1rt1_1_MKC_frag2_cavity4	6op0_cavityALL	0.5415
ic_1rt2_1_TNK_frag1_cavity4	6op0_cavityALL	0.5719
ic_1rt2_1_TNK_frag2_cavity4	6op0_cavityALL	0.639
ic_1rt2_1_TNK_frag3_cavity4	6op0_cavityALL	0.4255
ic_1rt3_1_U05_frag1_cavity4	6op0_cavityALL	0.4535
ic_1rt4_1_UC1_frag1_cavity4	6op0_cavityALL	0.5337
ic_1rt5_1_UC2_frag1_cavity4	6op0_cavityALL	0.5796
ic_1rt6_1_UC3_frag1_cavity4	6op0_cavityALL	0.511
ic_1rt7_1_UC4_frag1_cavity4	6op0_cavityALL	0.5507
ic_1rth_1_U05_frag1_cavity4	6op0_cavityALL	0.6032
ic_1rti_1_HEF_frag1_cavity4	6op0_cavityALL	0.5296
ic_1rti_1_HEF_frag2_cavity4	6op0_cavityALL	0.5864
ic_1s1t_1_UC1_frag1_cavity4	6op0_cavityALL	0.5544
ic_1s1u_1_NVP_frag1_cavity4	6op0_cavityALL	0.639
ic_1s1u_1_NVP_frag2_cavity4	6op0_cavityALL	0.5943
ic_1s1v_1_TNK_frag1_cavity4	6op0_cavityALL	0.6597
ic_1s1v_1_TNK_frag2_cavity4	6op0_cavityALL	0.5923
ic_1s1v_1_TNK_frag3_cavity4	6op0_cavityALL	0.4783
ic_1s1w_1_UC1_frag1_cavity4	6op0_cavityALL	0.542
ic_1s1x_1_NVP_frag1_cavity4	6op0_cavityALL	0.5888
ic_1s1x_1_NVP_frag2_cavity4	6op0_cavityALL	0.6412
ic_1tkt_1_H12_frag1_cavity4	6op0_cavityALL	0.469
ic_1tkx_1_GWB_frag1_cavity4	6op0_cavityALL	0.5729
ic_1tkx_1_GWB_frag2_cavity4	6op0_cavityALL	0.555
ic_1tkz_1_H16_frag1_cavity4	6op0_cavityALL	0.5031
ic_1tkz_1_H16_frag2_cavity4	6op0_cavityALL	0.633
ic_1tl1_1_H18_frag1_cavity4	6op0_cavityALL	0.5574
ic_1tl3_1_H20_frag1_cavity4	6op0_cavityALL	0.4286
ic_1vrt_1_NVP_frag1_cavity4	6op0_cavityALL	0.6486
ic_1vrt_1_NVP_frag2_cavity4	6op0_cavityALL	0.5188
ic_1vru_1_AAP_frag1_cavity4	6op0_cavityALL	0.6121
ic_1vru_1_AAP_frag2_cavity4	6op0_cavityALL	0.5737
ic_2hnd_1_NVP_frag1_cavity4	6op0_cavityALL	0.6306
ic_2hnd_1_NVP_frag2_cavity4	6op0_cavityALL	0.6209
ic_2hny_1_NVP_frag1_cavity4	6op0_cavityALL	0.6141
ic_2hny_1_NVP_frag2_cavity4	6op0_cavityALL	0.5858
ic_2hnz_1_PC0_frag1_cavity4	6op0_cavityALL	0.6483
ic_2hnz_1_PC0_frag2_cavity4	6op0_cavityALL	0.5459
ic_2opp_1_HBQ_frag1_cavity4	6op0_cavityALL	0.5704
ic_2opq_1_HBQ_frag1_cavity4	6op0_cavityALL	0.5343
ic_2opr_1_HBQ_frag1_cavity4	6op0_cavityALL	0.6882
ic_2ops_1_HBQ_frag1_cavity4	6op0_cavityALL	0.481
ic_2rf2_1_MRX_frag1_cavity4	6op0_cavityALL	0.6565
ic_2rki_1_TT1_frag1_cavity4	6op0_cavityALL	0.489
ic_2rki_1_TT1_frag2_cavity4	6op0_cavityALL	0.6097
ic_2rki_1_TT1_frag3_cavity4	6op0_cavityALL	0.5065
ic_2won_1_ZZE_frag1_cavity4	6op0_cavityALL	0.5781
ic_2ynf_1_WHU_frag1_cavity4	6op0_cavityALL	0.5093
ic_2ynh_1_EUR_frag1_cavity4	6op0_cavityALL	0.4103
ic_3c6t_1_M14_frag1_cavity4	6op0_cavityALL	0.5307
ic_3c6t_1_M14_frag2_cavity4	6op0_cavityALL	0.404
ic_3c6u_1_M22_frag1_cavity4	6op0_cavityALL	0.5196
ic_3c6u_1_M22_frag2_cavity4	6op0_cavityALL	0.5809
ic_3di6_1_PDZ_frag1_cavity4	6op0_cavityALL	0.5821
ic_3di6_1_PDZ_frag2_cavity4	6op0_cavityALL	0.4478
ic_3dle_1_GFA_frag1_cavity4	6op0_cavityALL	0.561
ic_3dle_1_GFA_frag2_cavity4	6op0_cavityALL	0.4996
ic_3dlg_1_GWE_frag1_cavity4	6op0_cavityALL	0.5243
ic_3dlg_1_GWE_frag2_cavity4	6op0_cavityALL	0.3779
ic_3dok_1_GWJ_frag1_cavity4	6op0_cavityALL	0.4633
ic_3dok_1_GWJ_frag2_cavity4	6op0_cavityALL	0.3649
ic_3drp_1_R8E_frag1_cavity4	6op0_cavityALL	0.5444
ic_3drp_1_R8E_frag2_cavity4	6op0_cavityALL	0.3243
ic_3drr_1_R8E_frag1_cavity4	6op0_cavityALL	0.5331
ic_3drr_1_R8E_frag2_cavity4	6op0_cavityALL	0.6078
ic_3dya_1_PZL_frag1_cavity4	6op0_cavityALL	0.5074
ic_3dya_1_PZL_frag2_cavity4	6op0_cavityALL	0.4023
ic_3e01_1_PZ2_frag1_cavity4	6op0_cavityALL	0.4279
ic_3e01_1_PZ2_frag2_cavity4	6op0_cavityALL	0.3753
ic_3i0r_1_RT3_frag1_cavity4	6op0_cavityALL	0.445
ic_3i0r_1_RT3_frag2_cavity4	6op0_cavityALL	0.5781
ic_3i0s_1_RT7_frag1_cavity4	6op0_cavityALL	0.5638
ic_3i0s_1_RT7_frag2_cavity4	6op0_cavityALL	0.4481
ic_3lak_1_KR1_frag1_cavity4	6op0_cavityALL	0.4528
ic_3lak_1_KR1_frag2_cavity4	6op0_cavityALL	0.4769
ic_3lal_1_KRV_frag1_cavity4	6op0_cavityALL	0.4868
ic_3lam_1_KRP_frag1_cavity4	6op0_cavityALL	0.473
ic_3lan_1_KBT_frag1_cavity4	6op0_cavityALL	0.4181
ic_3lp0_2_NVP_frag1_cavity4	6op0_cavityALL	0.6576
ic_3lp0_2_NVP_frag2_cavity4	6op0_cavityALL	0.5755
ic_3lp1_2_NVP_frag1_cavity4	6op0_cavityALL	0.5517
ic_3lp1_2_NVP_frag2_cavity4	6op0_cavityALL	0.5353
ic_3lp2_1_LP9_frag1_cavity4	6op0_cavityALL	0.4826
ic_3m8p_1_65B_frag1_cavity4	6op0_cavityALL	0.5322
ic_3m8q_1_DJZ_frag1_cavity4	6op0_cavityALL	0.4688
ic_3mec_1_65B_frag1_cavity4	6op0_cavityALL	0.5984
ic_3med_1_65B_frag1_cavity4	6op0_cavityALL	0.56
ic_3mee_1_T27_frag1_cavity4	6op0_cavityALL	0.4975
ic_3meg_1_T27_frag1_cavity4	6op0_cavityALL	0.5723
ic_3nbp_1_JGZ_frag1_cavity4	6op0_cavityALL	0.5564
ic_3nbp_1_JGZ_frag2_cavity4	6op0_cavityALL	0.5059
ic_3qip_1_NVP_frag1_cavity4	6op0_cavityALL	0.5823
ic_3qip_1_NVP_frag2_cavity4	6op0_cavityALL	0.5294
ic_3t19_1_5MA_frag1_cavity4	6op0_cavityALL	0.49
ic_3t19_1_5MA_frag2_cavity4	6op0_cavityALL	0.5063
ic_3t1a_1_5MA_frag1_cavity4	6op0_cavityALL	0.5196
ic_3t1a_1_5MA_frag2_cavity4	6op0_cavityALL	0.5228
ic_3tam_1_M06_frag1_cavity4	6op0_cavityALL	0.6102
ic_3tam_1_M06_frag2_cavity4	6op0_cavityALL	0.5065
ic_4i7f_1_NVE_frag1_cavity4	6op0_cavityALL	0.5194
ic_4i7f_1_NVE_frag2_cavity4	6op0_cavityALL	0.4384
ic_1s6q_1_TPB_frag1_cavity4	6ooy_cavityALL	0.5304
ic_1s9e_1_ADB_frag1_cavity4	6ooy_cavityALL	0.5678
ic_1tvr_1_TB9_frag1_cavity4	6ooy_cavityALL	0.5265
ic_2b5j_1_3AC_frag1_cavity4	6ooy_cavityALL	0.5039
ic_2ban_1_357_frag1_cavity4	6ooy_cavityALL	0.4779
ic_2ban_1_357_frag2_cavity4	6ooy_cavityALL	0.3873
ic_2be2_1_R22_frag1_cavity4	6ooy_cavityALL	0.5106
ic_2be2_1_R22_frag2_cavity4	6ooy_cavityALL	0.4436
ic_2ic3_1_HBY_frag1_cavity4	6ooy_cavityALL	0.4228
ic_2jle_1_I15_frag1_cavity4	6ooy_cavityALL	0.5325
ic_2vg5_1_NNC_frag1_cavity4	6ooy_cavityALL	0.5768
ic_2vg5_1_NNC_frag2_cavity4	6ooy_cavityALL	0.5745
ic_2vg7_1_NNI_frag1_cavity4	6ooy_cavityALL	0.5811
ic_2vg7_1_NNI_frag2_cavity4	6ooy_cavityALL	0.6671
ic_2ykm_1_YKN_frag1_cavity4	6ooy_cavityALL	0.5999
ic_2ykm_1_YKN_frag2_cavity4	6ooy_cavityALL	0.7242
ic_2zd1_1_T27_frag1_cavity4	6ooy_cavityALL	0.4637
ic_2ze2_1_T27_frag1_cavity4	6ooy_cavityALL	0.459
ic_3bgr_1_T27_frag1_cavity4	6ooy_cavityALL	0.4988
ic_3dmj_1_GWE_frag1_cavity4	6ooy_cavityALL	0.4977
ic_3dmj_1_GWE_frag2_cavity4	6ooy_cavityALL	0.4006
ic_3dol_1_GWI_frag1_cavity4	6ooy_cavityALL	0.4265
ic_3dol_1_GWI_frag2_cavity4	6ooy_cavityALL	0.4609
ic_3hvt_1_NVP_frag1_cavity4	6ooy_cavityALL	0.4286
ic_3hvt_1_NVP_frag2_cavity4	6ooy_cavityALL	0.5495
ic_3irx_1_UDR_frag1_cavity4	6ooy_cavityALL	0.3856
ic_3irx_1_UDR_frag2_cavity4	6ooy_cavityALL	0.4698
ic_3is9_1_AC7_frag1_cavity4	6ooy_cavityALL	0.471
ic_3qlh_2_T27_frag1_cavity4	6ooy_cavityALL	0.4427
ic_4g1q_1_T27_frag1_cavity4	6ooy_cavityALL	0.5224
ic_4h4m_1_494_frag1_cavity4	6ooy_cavityALL	0.4939
ic_4h4m_1_494_frag2_cavity4	6ooy_cavityALL	0.5597
ic_4h4o_1_506_frag1_cavity4	6ooy_cavityALL	0.5597
ic_4h4o_1_506_frag2_cavity4	6ooy_cavityALL	0.5096
ic_4i2p_1_G73_frag1_cavity4	6ooy_cavityALL	0.4959
ic_4i2q_1_1BT_frag1_cavity4	6ooy_cavityALL	0.4988
ic_4id5_1_T27_frag1_cavity4	6ooy_cavityALL	0.443
ic_4ifv_1_T27_frag1_cavity4	6ooy_cavityALL	0.4363
ic_4ig3_1_T27_frag1_cavity4	6ooy_cavityALL	0.5266
ic_4kfb_2_T27_frag1_cavity4	6ooy_cavityALL	0.4434
ic_4kko_1_1RE_frag1_cavity4	6ooy_cavityALL	0.5372
ic_4kko_1_1RE_frag2_cavity4	6ooy_cavityALL	0.5007
ic_4ko0_1_JLJ_frag1_cavity4	6ooy_cavityALL	0.5851
ic_4lsl_1_1YQ_frag1_cavity4	6ooy_cavityALL	0.4739
ic_4lsl_1_1YQ_frag2_cavity4	6ooy_cavityALL	0.5346
ic_4mfb_1_29T_frag1_cavity4	6ooy_cavityALL	0.4833
ic_4mfb_1_29T_frag2_cavity4	6ooy_cavityALL	0.439
ic_4rw4_1_494_frag1_cavity4	6ooy_cavityALL	0.4889
ic_4rw4_1_494_frag2_cavity4	6ooy_cavityALL	0.4515
ic_4rw6_1_494_frag1_cavity4	6ooy_cavityALL	0.5363
ic_4rw6_1_494_frag2_cavity4	6ooy_cavityALL	0.5673
ic_5cyq_1_T27_frag1_cavity4	6ooy_cavityALL	0.5106
ic_1s6q_1_TPB_frag1_cavity4	6ooz_cavityALL	0.5281
ic_1s9e_1_ADB_frag1_cavity4	6ooz_cavityALL	0.5434
ic_1tvr_1_TB9_frag1_cavity4	6ooz_cavityALL	0.604
ic_2b5j_1_3AC_frag1_cavity4	6ooz_cavityALL	0.4314
ic_2ban_1_357_frag1_cavity4	6ooz_cavityALL	0.4939
ic_2ban_1_357_frag2_cavity4	6ooz_cavityALL	0.6239
ic_2be2_1_R22_frag1_cavity4	6ooz_cavityALL	0.5183
ic_2be2_1_R22_frag2_cavity4	6ooz_cavityALL	0.4708
ic_2ic3_1_HBY_frag1_cavity4	6ooz_cavityALL	0.4909
ic_2jle_1_I15_frag1_cavity4	6ooz_cavityALL	0.3281
ic_2vg5_1_NNC_frag1_cavity4	6ooz_cavityALL	0.5503
ic_2vg5_1_NNC_frag2_cavity4	6ooz_cavityALL	0.5747
ic_2vg7_1_NNI_frag1_cavity4	6ooz_cavityALL	0.5559
ic_2vg7_1_NNI_frag2_cavity4	6ooz_cavityALL	0.8105
ic_2ykm_1_YKN_frag1_cavity4	6ooz_cavityALL	0.6022
ic_2ykm_1_YKN_frag2_cavity4	6ooz_cavityALL	0.6648
ic_2zd1_1_T27_frag1_cavity4	6ooz_cavityALL	0.5385
ic_2ze2_1_T27_frag1_cavity4	6ooz_cavityALL	0.5423
ic_3bgr_1_T27_frag1_cavity4	6ooz_cavityALL	0.6019
ic_3dmj_1_GWE_frag1_cavity4	6ooz_cavityALL	0.5299
ic_3dmj_1_GWE_frag2_cavity4	6ooz_cavityALL	0.531
ic_3dol_1_GWI_frag1_cavity4	6ooz_cavityALL	0.4548
ic_3dol_1_GWI_frag2_cavity4	6ooz_cavityALL	0.4685
ic_3hvt_1_NVP_frag1_cavity4	6ooz_cavityALL	0.532
ic_3hvt_1_NVP_frag2_cavity4	6ooz_cavityALL	0.5116
ic_3irx_1_UDR_frag1_cavity4	6ooz_cavityALL	0.5743
ic_3irx_1_UDR_frag2_cavity4	6ooz_cavityALL	0.6462
ic_3is9_1_AC7_frag1_cavity4	6ooz_cavityALL	0.5431
ic_3qlh_2_T27_frag1_cavity4	6ooz_cavityALL	0.5421
ic_4g1q_1_T27_frag1_cavity4	6ooz_cavityALL	0.5398
ic_4h4m_1_494_frag1_cavity4	6ooz_cavityALL	0.4704
ic_4h4m_1_494_frag2_cavity4	6ooz_cavityALL	0.5586
ic_4h4o_1_506_frag1_cavity4	6ooz_cavityALL	0.4505
ic_4h4o_1_506_frag2_cavity4	6ooz_cavityALL	0.4444
ic_4i2p_1_G73_frag1_cavity4	6ooz_cavityALL	0.5236
ic_4i2q_1_1BT_frag1_cavity4	6ooz_cavityALL	0.572
ic_4id5_1_T27_frag1_cavity4	6ooz_cavityALL	0.5452
ic_4ifv_1_T27_frag1_cavity4	6ooz_cavityALL	0.5177
ic_4ig3_1_T27_frag1_cavity4	6ooz_cavityALL	0.5432
ic_4kfb_2_T27_frag1_cavity4	6ooz_cavityALL	0.404
ic_4kko_1_1RE_frag1_cavity4	6ooz_cavityALL	0.4682
ic_4kko_1_1RE_frag2_cavity4	6ooz_cavityALL	0.3058
ic_4ko0_1_JLJ_frag1_cavity4	6ooz_cavityALL	0.4653
ic_4lsl_1_1YQ_frag1_cavity4	6ooz_cavityALL	0.484
ic_4lsl_1_1YQ_frag2_cavity4	6ooz_cavityALL	0.4627
ic_4mfb_1_29T_frag1_cavity4	6ooz_cavityALL	0.4904
ic_4mfb_1_29T_frag2_cavity4	6ooz_cavityALL	0.5029
ic_4rw4_1_494_frag1_cavity4	6ooz_cavityALL	0.4506
ic_4rw4_1_494_frag2_cavity4	6ooz_cavityALL	0.5392
ic_4rw6_1_494_frag1_cavity4	6ooz_cavityALL	0.4933
ic_4rw6_1_494_frag2_cavity4	6ooz_cavityALL	0.5137
ic_5cyq_1_T27_frag1_cavity4	6ooz_cavityALL	0.5005
ic_1s6q_1_TPB_frag1_cavity4	6op0_cavityALL	0.5247
ic_1s9e_1_ADB_frag1_cavity4	6op0_cavityALL	0.6256
ic_1tvr_1_TB9_frag1_cavity4	6op0_cavityALL	0.5436
ic_2b5j_1_3AC_frag1_cavity4	6op0_cavityALL	0.4002
ic_2ban_1_357_frag1_cavity4	6op0_cavityALL	0.4267
ic_2ban_1_357_frag2_cavity4	6op0_cavityALL	0.5152
ic_2be2_1_R22_frag1_cavity4	6op0_cavityALL	0.5455
ic_2be2_1_R22_frag2_cavity4	6op0_cavityALL	0.4104
ic_2ic3_1_HBY_frag1_cavity4	6op0_cavityALL	0.3925
ic_2jle_1_I15_frag1_cavity4	6op0_cavityALL	0.4643
ic_2vg5_1_NNC_frag1_cavity4	6op0_cavityALL	0.5931
ic_2vg5_1_NNC_frag2_cavity4	6op0_cavityALL	0.6863
ic_2vg7_1_NNI_frag1_cavity4	6op0_cavityALL	0.6943
ic_2vg7_1_NNI_frag2_cavity4	6op0_cavityALL	0.4591
ic_2ykm_1_YKN_frag1_cavity4	6op0_cavityALL	0.5748
ic_2ykm_1_YKN_frag2_cavity4	6op0_cavityALL	0.7157
ic_2zd1_1_T27_frag1_cavity4	6op0_cavityALL	0.5207
ic_2ze2_1_T27_frag1_cavity4	6op0_cavityALL	0.4809
ic_3bgr_1_T27_frag1_cavity4	6op0_cavityALL	0.5476
ic_3dmj_1_GWE_frag1_cavity4	6op0_cavityALL	0.4657
ic_3dmj_1_GWE_frag2_cavity4	6op0_cavityALL	0.4933
ic_3dol_1_GWI_frag1_cavity4	6op0_cavityALL	0.4371
ic_3dol_1_GWI_frag2_cavity4	6op0_cavityALL	0.4979
ic_3hvt_1_NVP_frag1_cavity4	6op0_cavityALL	0.4865
ic_3hvt_1_NVP_frag2_cavity4	6op0_cavityALL	0.5181
ic_3irx_1_UDR_frag1_cavity4	6op0_cavityALL	0.3885
ic_3irx_1_UDR_frag2_cavity4	6op0_cavityALL	0.4875
ic_3is9_1_AC7_frag1_cavity4	6op0_cavityALL	0.389
ic_3qlh_2_T27_frag1_cavity4	6op0_cavityALL	0.4778
ic_4g1q_1_T27_frag1_cavity4	6op0_cavityALL	0.5492
ic_4h4m_1_494_frag1_cavity4	6op0_cavityALL	0.5712
ic_4h4m_1_494_frag2_cavity4	6op0_cavityALL	0.5809
ic_4h4o_1_506_frag1_cavity4	6op0_cavityALL	0.4481
ic_4h4o_1_506_frag2_cavity4	6op0_cavityALL	0.5117
ic_4i2p_1_G73_frag1_cavity4	6op0_cavityALL	0.484
ic_4i2q_1_1BT_frag1_cavity4	6op0_cavityALL	0.4797
ic_4id5_1_T27_frag1_cavity4	6op0_cavityALL	0.43
ic_4ifv_1_T27_frag1_cavity4	6op0_cavityALL	0.4304
ic_4ig3_1_T27_frag1_cavity4	6op0_cavityALL	0.4834
ic_4kfb_2_T27_frag1_cavity4	6op0_cavityALL	0.4134
ic_4kko_1_1RE_frag1_cavity4	6op0_cavityALL	0.5679
ic_4kko_1_1RE_frag2_cavity4	6op0_cavityALL	0.3738
ic_4ko0_1_JLJ_frag1_cavity4	6op0_cavityALL	0.5154
ic_4lsl_1_1YQ_frag1_cavity4	6op0_cavityALL	0.5024
ic_4lsl_1_1YQ_frag2_cavity4	6op0_cavityALL	0.4437
ic_4mfb_1_29T_frag1_cavity4	6op0_cavityALL	0.5486
ic_4mfb_1_29T_frag2_cavity4	6op0_cavityALL	0.496
ic_4rw4_1_494_frag1_cavity4	6op0_cavityALL	0.5512
ic_4rw4_1_494_frag2_cavity4	6op0_cavityALL	0.3639
ic_4rw6_1_494_frag1_cavity4	6op0_cavityALL	0.4606
ic_4rw6_1_494_frag2_cavity4	6op0_cavityALL	0.5556
ic_5cyq_1_T27_frag1_cavity4	6op0_cavityALL	0.5286
