Ref Name	Comp Name	Simil	ColorTc	ColorRefTversky	ColorFitTversky
6ooy_cavityALL.mol2	ic_1c0t_1_BM1_frag1_cavity4.mol2	-1	0.2044	0.2377	0.5933
6ooy_cavityALL.mol2	ic_1c0t_1_BM1_frag2_cavity4.mol2	-1	0.1845	0.2046	0.6523
6ooy_cavityALL.mol2	ic_1c0u_1_BM5_frag1_cavity4.mol2	-1	0.2125	0.2518	0.5764
6ooy_cavityALL.mol2	ic_1c0u_1_BM5_frag2_cavity4.mol2	-1	0.1773	0.1937	0.6772
6ooy_cavityALL.mol2	ic_1c1b_1_GCA_frag1_cavity4.mol2	-1	0.1812	0.2085	0.5800
6ooy_cavityALL.mol2	ic_1c1b_1_GCA_frag2_cavity4.mol2	-1	0.2193	0.2690	0.5427
6ooy_cavityALL.mol2	ic_1c1c_1_612_frag1_cavity4.mol2	-1	0.1736	0.1978	0.5875
6ooy_cavityALL.mol2	ic_1c1c_1_612_frag2_cavity4.mol2	-1	0.2203	0.2578	0.6024
6ooy_cavityALL.mol2	ic_1ep4_1_S11_frag1_cavity4.mol2	-1	0.2037	0.2440	0.5526
6ooy_cavityALL.mol2	ic_1ep4_1_S11_frag2_cavity4.mol2	-1	0.1690	0.1919	0.5861
6ooy_cavityALL.mol2	ic_1ep4_1_S11_frag3_cavity4.mol2	-1	0.1935	0.2145	0.6643
6ooy_cavityALL.mol2	ic_1fk9_1_EFZ_frag1_cavity4.mol2	-1	0.2001	0.2373	0.5606
6ooy_cavityALL.mol2	ic_1fk9_1_EFZ_frag2_cavity4.mol2	-1	0.1521	0.1582	0.7987
6ooy_cavityALL.mol2	ic_1fko_1_EFZ_frag1_cavity4.mol2	-1	0.2084	0.2329	0.6648
6ooy_cavityALL.mol2	ic_1fko_1_EFZ_frag2_cavity4.mol2	-1	0.1224	0.1301	0.6731
6ooy_cavityALL.mol2	ic_1fkp_1_NVP_frag1_cavity4.mol2	-1	0.1704	0.1812	0.7413
6ooy_cavityALL.mol2	ic_1fkp_1_NVP_frag2_cavity4.mol2	-1	0.1899	0.2330	0.5069
6ooy_cavityALL.mol2	ic_1jkh_1_EFZ_frag1_cavity4.mol2	-1	0.2139	0.2428	0.6427
6ooy_cavityALL.mol2	ic_1jkh_1_EFZ_frag2_cavity4.mol2	-1	0.1317	0.1405	0.6776
6ooy_cavityALL.mol2	ic_1jla_1_TNK_frag1_cavity4.mol2	-1	0.1698	0.1880	0.6367
6ooy_cavityALL.mol2	ic_1jla_1_TNK_frag2_cavity4.mol2	-1	0.2040	0.2366	0.5974
6ooy_cavityALL.mol2	ic_1jla_1_TNK_frag3_cavity4.mol2	-1	0.1785	0.1913	0.7276
6ooy_cavityALL.mol2	ic_1jlb_1_NVP_frag1_cavity4.mol2	-1	0.1588	0.1680	0.7437
6ooy_cavityALL.mol2	ic_1jlb_1_NVP_frag2_cavity4.mol2	-1	0.1950	0.2389	0.5147
6ooy_cavityALL.mol2	ic_1jlc_1_FTC_frag1_cavity4.mol2	-1	0.2189	0.2507	0.6331
6ooy_cavityALL.mol2	ic_1jlc_1_FTC_frag2_cavity4.mol2	-1	0.2046	0.2402	0.5799
6ooy_cavityALL.mol2	ic_1jlf_1_NVP_frag1_cavity4.mol2	-1	0.1447	0.1567	0.6534
6ooy_cavityALL.mol2	ic_1jlf_1_NVP_frag2_cavity4.mol2	-1	0.2031	0.2548	0.5003
6ooy_cavityALL.mol2	ic_1jlg_1_UC1_frag1_cavity4.mol2	-1	0.2089	0.2592	0.5182
6ooy_cavityALL.mol2	ic_1jlq_1_SBN_frag1_cavity4.mol2	-1	0.2274	0.2763	0.5625
6ooy_cavityALL.mol2	ic_1klm_1_SPP_frag1_cavity4.mol2	-1	0.2399	0.3274	0.4731
6ooy_cavityALL.mol2	ic_1lw0_1_NVP_frag1_cavity4.mol2	-1	0.1875	0.1994	0.7585
6ooy_cavityALL.mol2	ic_1lw0_1_NVP_frag2_cavity4.mol2	-1	0.1950	0.2396	0.5113
6ooy_cavityALL.mol2	ic_1lw2_1_U05_frag1_cavity4.mol2	-1	0.1976	0.2549	0.4676
6ooy_cavityALL.mol2	ic_1lwc_1_NVP_frag1_cavity4.mol2	-1	0.1823	0.1941	0.7512
6ooy_cavityALL.mol2	ic_1lwc_1_NVP_frag2_cavity4.mol2	-1	0.1909	0.2318	0.5196
6ooy_cavityALL.mol2	ic_1lwe_1_NVP_frag1_cavity4.mol2	-1	0.1789	0.1902	0.7498
6ooy_cavityALL.mol2	ic_1lwe_1_NVP_frag2_cavity4.mol2	-1	0.2018	0.2565	0.4865
6ooy_cavityALL.mol2	ic_1lwf_1_NVP_frag1_cavity4.mol2	-1	0.1596	0.1719	0.6903
6ooy_cavityALL.mol2	ic_1lwf_1_NVP_frag2_cavity4.mol2	-1	0.2034	0.2490	0.5262
6ooy_cavityALL.mol2	ic_1rev_1_TB9_frag1_cavity4.mol2	-1	0.2003	0.2556	0.4807
6ooy_cavityALL.mol2	ic_1rt1_1_MKC_frag1_cavity4.mol2	-1	0.1468	0.1635	0.5906
6ooy_cavityALL.mol2	ic_1rt1_1_MKC_frag2_cavity4.mol2	-1	0.2170	0.2554	0.5906
6ooy_cavityALL.mol2	ic_1rt2_1_TNK_frag1_cavity4.mol2	-1	0.1737	0.1938	0.6270
6ooy_cavityALL.mol2	ic_1rt2_1_TNK_frag2_cavity4.mol2	-1	0.1955	0.2245	0.6016
6ooy_cavityALL.mol2	ic_1rt2_1_TNK_frag3_cavity4.mol2	-1	0.1656	0.1794	0.6824
6ooy_cavityALL.mol2	ic_1rt3_1_U05_frag1_cavity4.mol2	-1	0.2255	0.2794	0.5391
6ooy_cavityALL.mol2	ic_1rt4_1_UC1_frag1_cavity4.mol2	-1	0.2073	0.2623	0.4974
6ooy_cavityALL.mol2	ic_1rt5_1_UC2_frag1_cavity4.mol2	-1	0.2216	0.2771	0.5255
6ooy_cavityALL.mol2	ic_1rt6_1_UC3_frag1_cavity4.mol2	-1	0.2031	0.2578	0.4890
6ooy_cavityALL.mol2	ic_1rt7_1_UC4_frag1_cavity4.mol2	-1	0.2303	0.2892	0.5305
6ooy_cavityALL.mol2	ic_1rth_1_U05_frag1_cavity4.mol2	-1	0.2008	0.2508	0.5014
6ooy_cavityALL.mol2	ic_1rti_1_HEF_frag1_cavity4.mol2	-1	0.2003	0.2390	0.5528
6ooy_cavityALL.mol2	ic_1rti_1_HEF_frag2_cavity4.mol2	-1	0.1717	0.1904	0.6351
6ooy_cavityALL.mol2	ic_1s1t_1_UC1_frag1_cavity4.mol2	-1	0.2092	0.2549	0.5387
6ooy_cavityALL.mol2	ic_1s1u_1_NVP_frag1_cavity4.mol2	-1	0.1634	0.1728	0.7497
6ooy_cavityALL.mol2	ic_1s1u_1_NVP_frag2_cavity4.mol2	-1	0.2068	0.2501	0.5442
6ooy_cavityALL.mol2	ic_1s1v_1_TNK_frag1_cavity4.mol2	-1	0.1643	0.1821	0.6265
6ooy_cavityALL.mol2	ic_1s1v_1_TNK_frag2_cavity4.mol2	-1	0.1984	0.2357	0.5567
6ooy_cavityALL.mol2	ic_1s1v_1_TNK_frag3_cavity4.mol2	-1	0.1463	0.1577	0.6704
6ooy_cavityALL.mol2	ic_1s1w_1_UC1_frag1_cavity4.mol2	-1	0.2221	0.2824	0.5096
6ooy_cavityALL.mol2	ic_1s1x_1_NVP_frag1_cavity4.mol2	-1	0.1755	0.1865	0.7488
6ooy_cavityALL.mol2	ic_1s1x_1_NVP_frag2_cavity4.mol2	-1	0.1942	0.2395	0.5062
6ooy_cavityALL.mol2	ic_1tkt_1_H12_frag1_cavity4.mol2	-1	0.1923	0.2550	0.4389
6ooy_cavityALL.mol2	ic_1tkx_1_GWB_frag1_cavity4.mol2	-1	0.1358	0.1427	0.7380
6ooy_cavityALL.mol2	ic_1tkx_1_GWB_frag2_cavity4.mol2	-1	0.2014	0.2462	0.5253
6ooy_cavityALL.mol2	ic_1tkz_1_H16_frag1_cavity4.mol2	-1	0.1799	0.2031	0.6117
6ooy_cavityALL.mol2	ic_1tkz_1_H16_frag2_cavity4.mol2	-1	0.2237	0.2660	0.5846
6ooy_cavityALL.mol2	ic_1tl1_1_H18_frag1_cavity4.mol2	-1	0.2170	0.2788	0.4950
6ooy_cavityALL.mol2	ic_1tl3_1_H20_frag1_cavity4.mol2	-1	0.2078	0.2589	0.5130
6ooy_cavityALL.mol2	ic_1vrt_1_NVP_frag1_cavity4.mol2	-1	0.1780	0.1908	0.7256
6ooy_cavityALL.mol2	ic_1vrt_1_NVP_frag2_cavity4.mol2	-1	0.2029	0.2447	0.5430
6ooy_cavityALL.mol2	ic_1vru_1_AAP_frag1_cavity4.mol2	-1	0.2134	0.2471	0.6099
6ooy_cavityALL.mol2	ic_1vru_1_AAP_frag2_cavity4.mol2	-1	0.1934	0.2395	0.5013
6ooy_cavityALL.mol2	ic_2hnd_1_NVP_frag1_cavity4.mol2	-1	0.1786	0.1907	0.7382
6ooy_cavityALL.mol2	ic_2hnd_1_NVP_frag2_cavity4.mol2	-1	0.2031	0.2487	0.5256
6ooy_cavityALL.mol2	ic_2hny_1_NVP_frag1_cavity4.mol2	-1	0.1598	0.1702	0.7238
6ooy_cavityALL.mol2	ic_2hny_1_NVP_frag2_cavity4.mol2	-1	0.2194	0.2643	0.5639
6ooy_cavityALL.mol2	ic_2hnz_1_PC0_frag1_cavity4.mol2	-1	0.2438	0.2790	0.6590
6ooy_cavityALL.mol2	ic_2hnz_1_PC0_frag2_cavity4.mol2	-1	0.2031	0.2380	0.5809
6ooy_cavityALL.mol2	ic_2opp_1_HBQ_frag1_cavity4.mol2	-1	0.1995	0.2345	0.5723
6ooy_cavityALL.mol2	ic_2opq_1_HBQ_frag1_cavity4.mol2	-1	0.2093	0.2534	0.5461
6ooy_cavityALL.mol2	ic_2opr_1_HBQ_frag1_cavity4.mol2	-1	0.2131	0.2588	0.5469
6ooy_cavityALL.mol2	ic_2ops_1_HBQ_frag1_cavity4.mol2	-1	0.1980	0.2472	0.4987
6ooy_cavityALL.mol2	ic_2rf2_1_MRX_frag1_cavity4.mol2	-1	0.2276	0.2790	0.5527
6ooy_cavityALL.mol2	ic_2rki_1_TT1_frag1_cavity4.mol2	-1	0.1967	0.2136	0.7124
6ooy_cavityALL.mol2	ic_2rki_1_TT1_frag2_cavity4.mol2	-1	0.2023	0.2311	0.6191
6ooy_cavityALL.mol2	ic_2rki_1_TT1_frag3_cavity4.mol2	-1	0.1683	0.1879	0.6171
6ooy_cavityALL.mol2	ic_2won_1_ZZE_frag1_cavity4.mol2	-1	0.2520	0.3037	0.5964
6ooy_cavityALL.mol2	ic_2ynf_1_WHU_frag1_cavity4.mol2	-1	0.2165	0.2932	0.4527
6ooy_cavityALL.mol2	ic_2ynh_1_EUR_frag1_cavity4.mol2	-1	0.2287	0.3042	0.4795
6ooy_cavityALL.mol2	ic_3c6t_1_M14_frag1_cavity4.mol2	-1	0.1876	0.2104	0.6337
6ooy_cavityALL.mol2	ic_3c6t_1_M14_frag2_cavity4.mol2	-1	0.2370	0.2891	0.5678
6ooy_cavityALL.mol2	ic_3c6u_1_M22_frag1_cavity4.mol2	-1	0.2213	0.2775	0.5219
6ooy_cavityALL.mol2	ic_3c6u_1_M22_frag2_cavity4.mol2	-1	0.1729	0.1943	0.6105
6ooy_cavityALL.mol2	ic_3di6_1_PDZ_frag1_cavity4.mol2	-1	0.1899	0.2286	0.5287
6ooy_cavityALL.mol2	ic_3di6_1_PDZ_frag2_cavity4.mol2	-1	0.1744	0.1896	0.6850
6ooy_cavityALL.mol2	ic_3dle_1_GFA_frag1_cavity4.mol2	-1	0.1987	0.2215	0.6582
6ooy_cavityALL.mol2	ic_3dle_1_GFA_frag2_cavity4.mol2	-1	0.1894	0.2121	0.6389
6ooy_cavityALL.mol2	ic_3dlg_1_GWE_frag1_cavity4.mol2	-1	0.2134	0.2646	0.5243
6ooy_cavityALL.mol2	ic_3dlg_1_GWE_frag2_cavity4.mol2	-1	0.1911	0.2152	0.6308
6ooy_cavityALL.mol2	ic_3dok_1_GWJ_frag1_cavity4.mol2	-1	0.2008	0.2433	0.5346
6ooy_cavityALL.mol2	ic_3dok_1_GWJ_frag2_cavity4.mol2	-1	0.2117	0.2495	0.5830
6ooy_cavityALL.mol2	ic_3drp_1_R8E_frag1_cavity4.mol2	-1	0.2455	0.2948	0.5947
6ooy_cavityALL.mol2	ic_3drp_1_R8E_frag2_cavity4.mol2	-1	0.1784	0.1940	0.6893
6ooy_cavityALL.mol2	ic_3drr_1_R8E_frag1_cavity4.mol2	-1	0.2070	0.2704	0.4690
6ooy_cavityALL.mol2	ic_3drr_1_R8E_frag2_cavity4.mol2	-1	0.1799	0.1940	0.7126
6ooy_cavityALL.mol2	ic_3dya_1_PZL_frag1_cavity4.mol2	-1	0.1941	0.2351	0.5270
6ooy_cavityALL.mol2	ic_3dya_1_PZL_frag2_cavity4.mol2	-1	0.1763	0.1962	0.6349
6ooy_cavityALL.mol2	ic_3e01_1_PZ2_frag1_cavity4.mol2	-1	0.1763	0.1976	0.6209
6ooy_cavityALL.mol2	ic_3e01_1_PZ2_frag2_cavity4.mol2	-1	0.2301	0.2940	0.5140
6ooy_cavityALL.mol2	ic_3i0r_1_RT3_frag1_cavity4.mol2	-1	0.2045	0.2315	0.6360
6ooy_cavityALL.mol2	ic_3i0r_1_RT3_frag2_cavity4.mol2	-1	0.2092	0.2588	0.5220
6ooy_cavityALL.mol2	ic_3i0s_1_RT7_frag1_cavity4.mol2	-1	0.2016	0.2495	0.5126
6ooy_cavityALL.mol2	ic_3i0s_1_RT7_frag2_cavity4.mol2	-1	0.2002	0.2169	0.7232
6ooy_cavityALL.mol2	ic_3lak_1_KR1_frag1_cavity4.mol2	-1	0.1812	0.2029	0.6286
6ooy_cavityALL.mol2	ic_3lak_1_KR1_frag2_cavity4.mol2	-1	0.2248	0.2951	0.4855
6ooy_cavityALL.mol2	ic_3lal_1_KRV_frag1_cavity4.mol2	-1	0.2142	0.2789	0.4800
6ooy_cavityALL.mol2	ic_3lam_1_KRP_frag1_cavity4.mol2	-1	0.2131	0.2879	0.4506
6ooy_cavityALL.mol2	ic_3lan_1_KBT_frag1_cavity4.mol2	-1	0.2093	0.2767	0.4620
6ooy_cavityALL.mol2	ic_3lp0_2_NVP_frag1_cavity4.mol2	-1	0.1702	0.1823	0.7186
6ooy_cavityALL.mol2	ic_3lp0_2_NVP_frag2_cavity4.mol2	-1	0.1995	0.2457	0.5144
6ooy_cavityALL.mol2	ic_3lp1_2_NVP_frag1_cavity4.mol2	-1	0.1831	0.1926	0.7881
6ooy_cavityALL.mol2	ic_3lp1_2_NVP_frag2_cavity4.mol2	-1	0.2277	0.2640	0.6236
6ooy_cavityALL.mol2	ic_3lp2_1_LP9_frag1_cavity4.mol2	-1	0.2037	0.2401	0.5734
6ooy_cavityALL.mol2	ic_3m8p_1_65B_frag1_cavity4.mol2	-1	0.2287	0.3043	0.4796
6ooy_cavityALL.mol2	ic_3m8q_1_DJZ_frag1_cavity4.mol2	-1	0.2400	0.3283	0.4715
6ooy_cavityALL.mol2	ic_3mec_1_65B_frag1_cavity4.mol2	-1	0.2244	0.2882	0.5037
6ooy_cavityALL.mol2	ic_3med_1_65B_frag1_cavity4.mol2	-1	0.2054	0.2626	0.4856
6ooy_cavityALL.mol2	ic_3mee_1_T27_frag1_cavity4.mol2	-1	0.2493	0.3227	0.5232
6ooy_cavityALL.mol2	ic_3meg_1_T27_frag1_cavity4.mol2	-1	0.2442	0.3120	0.5289
6ooy_cavityALL.mol2	ic_3nbp_1_JGZ_frag1_cavity4.mol2	-1	0.2264	0.2943	0.4952
6ooy_cavityALL.mol2	ic_3nbp_1_JGZ_frag2_cavity4.mol2	-1	0.1781	0.1958	0.6630
6ooy_cavityALL.mol2	ic_3qip_1_NVP_frag1_cavity4.mol2	-1	0.1760	0.1862	0.7618
6ooy_cavityALL.mol2	ic_3qip_1_NVP_frag2_cavity4.mol2	-1	0.2006	0.2431	0.5341
6ooy_cavityALL.mol2	ic_3t19_1_5MA_frag1_cavity4.mol2	-1	0.2133	0.2637	0.5271
6ooy_cavityALL.mol2	ic_3t19_1_5MA_frag2_cavity4.mol2	-1	0.1437	0.1488	0.8083
6ooy_cavityALL.mol2	ic_3t1a_1_5MA_frag1_cavity4.mol2	-1	0.2200	0.2746	0.5252
6ooy_cavityALL.mol2	ic_3t1a_1_5MA_frag2_cavity4.mol2	-1	0.2014	0.2179	0.7267
6ooy_cavityALL.mol2	ic_3tam_1_M06_frag1_cavity4.mol2	-1	0.2107	0.2500	0.5723
6ooy_cavityALL.mol2	ic_3tam_1_M06_frag2_cavity4.mol2	-1	0.1822	0.2024	0.6454
6ooy_cavityALL.mol2	ic_4i7f_1_NVE_frag1_cavity4.mol2	-1	0.2228	0.2733	0.5464
6ooy_cavityALL.mol2	ic_4i7f_1_NVE_frag2_cavity4.mol2	-1	0.1856	0.2042	0.6706
6ooz_cavityALL.mol2	ic_1c0t_1_BM1_frag1_cavity4.mol2	-1	0.3019	0.3937	0.5642
6ooz_cavityALL.mol2	ic_1c0t_1_BM1_frag2_cavity4.mol2	-1	0.3016	0.3565	0.6620
6ooz_cavityALL.mol2	ic_1c0u_1_BM5_frag1_cavity4.mol2	-1	0.2782	0.3839	0.5025
6ooz_cavityALL.mol2	ic_1c0u_1_BM5_frag2_cavity4.mol2	-1	0.2757	0.3215	0.6593
6ooz_cavityALL.mol2	ic_1c1b_1_GCA_frag1_cavity4.mol2	-1	0.2813	0.3563	0.5722
6ooz_cavityALL.mol2	ic_1c1b_1_GCA_frag2_cavity4.mol2	-1	0.2997	0.4314	0.4955
6ooz_cavityALL.mol2	ic_1c1c_1_612_frag1_cavity4.mol2	-1	0.3054	0.3698	0.6369
6ooz_cavityALL.mol2	ic_1c1c_1_612_frag2_cavity4.mol2	-1	0.2994	0.4027	0.5388
6ooz_cavityALL.mol2	ic_1ep4_1_S11_frag1_cavity4.mol2	-1	0.3010	0.4101	0.5311
6ooz_cavityALL.mol2	ic_1ep4_1_S11_frag2_cavity4.mol2	-1	0.2847	0.3465	0.6146
6ooz_cavityALL.mol2	ic_1ep4_1_S11_frag3_cavity4.mol2	-1	0.2953	0.3546	0.6384
6ooz_cavityALL.mol2	ic_1fk9_1_EFZ_frag1_cavity4.mol2	-1	0.3155	0.4171	0.5643
6ooz_cavityALL.mol2	ic_1fk9_1_EFZ_frag2_cavity4.mol2	-1	0.2395	0.2559	0.7882
6ooz_cavityALL.mol2	ic_1fko_1_EFZ_frag1_cavity4.mol2	-1	0.2751	0.3465	0.5719
6ooz_cavityALL.mol2	ic_1fko_1_EFZ_frag2_cavity4.mol2	-1	0.2121	0.2303	0.7286
6ooz_cavityALL.mol2	ic_1fkp_1_NVP_frag1_cavity4.mol2	-1	0.2824	0.3107	0.7563
6ooz_cavityALL.mol2	ic_1fkp_1_NVP_frag2_cavity4.mol2	-1	0.2845	0.3998	0.4966
6ooz_cavityALL.mol2	ic_1jkh_1_EFZ_frag1_cavity4.mol2	-1	0.3092	0.3912	0.5962
6ooz_cavityALL.mol2	ic_1jkh_1_EFZ_frag2_cavity4.mol2	-1	0.2646	0.2808	0.8210
6ooz_cavityALL.mol2	ic_1jla_1_TNK_frag1_cavity4.mol2	-1	0.3050	0.3517	0.6970
6ooz_cavityALL.mol2	ic_1jla_1_TNK_frag2_cavity4.mol2	-1	0.3093	0.3991	0.5789
6ooz_cavityALL.mol2	ic_1jla_1_TNK_frag3_cavity4.mol2	-1	0.3068	0.3393	0.7624
6ooz_cavityALL.mol2	ic_1jlb_1_NVP_frag1_cavity4.mol2	-1	0.2980	0.3160	0.8394
6ooz_cavityALL.mol2	ic_1jlb_1_NVP_frag2_cavity4.mol2	-1	0.3017	0.4203	0.5168
6ooz_cavityALL.mol2	ic_1jlc_1_FTC_frag1_cavity4.mol2	-1	0.3044	0.3942	0.5719
6ooz_cavityALL.mol2	ic_1jlc_1_FTC_frag2_cavity4.mol2	-1	0.2698	0.3661	0.5066
6ooz_cavityALL.mol2	ic_1jlf_1_NVP_frag1_cavity4.mol2	-1	0.2480	0.2787	0.6928
6ooz_cavityALL.mol2	ic_1jlf_1_NVP_frag2_cavity4.mol2	-1	0.2868	0.4223	0.4719
6ooz_cavityALL.mol2	ic_1jlg_1_UC1_frag1_cavity4.mol2	-1	0.2975	0.4308	0.4903
6ooz_cavityALL.mol2	ic_1jlq_1_SBN_frag1_cavity4.mol2	-1	0.2763	0.4032	0.4675
6ooz_cavityALL.mol2	ic_1klm_1_SPP_frag1_cavity4.mol2	-1	0.2334	0.4206	0.3441
6ooz_cavityALL.mol2	ic_1lw0_1_NVP_frag1_cavity4.mol2	-1	0.2867	0.3219	0.7234
6ooz_cavityALL.mol2	ic_1lw0_1_NVP_frag2_cavity4.mol2	-1	0.3023	0.4228	0.5147
6ooz_cavityALL.mol2	ic_1lw2_1_U05_frag1_cavity4.mol2	-1	0.2793	0.4278	0.4458
6ooz_cavityALL.mol2	ic_1lwc_1_NVP_frag1_cavity4.mol2	-1	0.2842	0.3179	0.7284
6ooz_cavityALL.mol2	ic_1lwc_1_NVP_frag2_cavity4.mol2	-1	0.2823	0.3920	0.5023
6ooz_cavityALL.mol2	ic_1lwe_1_NVP_frag1_cavity4.mol2	-1	0.2819	0.3140	0.7338
6ooz_cavityALL.mol2	ic_1lwe_1_NVP_frag2_cavity4.mol2	-1	0.2904	0.4337	0.4677
6ooz_cavityALL.mol2	ic_1lwf_1_NVP_frag1_cavity4.mol2	-1	0.2586	0.2916	0.6955
6ooz_cavityALL.mol2	ic_1lwf_1_NVP_frag2_cavity4.mol2	-1	0.2986	0.4207	0.5071
6ooz_cavityALL.mol2	ic_1rev_1_TB9_frag1_cavity4.mol2	-1	0.2847	0.4289	0.4585
6ooz_cavityALL.mol2	ic_1rt1_1_MKC_frag1_cavity4.mol2	-1	0.2860	0.3270	0.6949
6ooz_cavityALL.mol2	ic_1rt1_1_MKC_frag2_cavity4.mol2	-1	0.2876	0.3922	0.5190
6ooz_cavityALL.mol2	ic_1rt2_1_TNK_frag1_cavity4.mol2	-1	0.2793	0.3340	0.6302
6ooz_cavityALL.mol2	ic_1rt2_1_TNK_frag2_cavity4.mol2	-1	0.3151	0.3948	0.6095
6ooz_cavityALL.mol2	ic_1rt2_1_TNK_frag3_cavity4.mol2	-1	0.3260	0.3553	0.7984
6ooz_cavityALL.mol2	ic_1rt3_1_U05_frag1_cavity4.mol2	-1	0.2629	0.3979	0.4367
6ooz_cavityALL.mol2	ic_1rt4_1_UC1_frag1_cavity4.mol2	-1	0.3013	0.4462	0.4812
6ooz_cavityALL.mol2	ic_1rt5_1_UC2_frag1_cavity4.mol2	-1	0.2839	0.4262	0.4595
6ooz_cavityALL.mol2	ic_1rt6_1_UC3_frag1_cavity4.mol2	-1	0.2732	0.4135	0.4459
6ooz_cavityALL.mol2	ic_1rt7_1_UC4_frag1_cavity4.mol2	-1	0.2772	0.4253	0.4432
6ooz_cavityALL.mol2	ic_1rth_1_U05_frag1_cavity4.mol2	-1	0.3055	0.4397	0.5004
6ooz_cavityALL.mol2	ic_1rti_1_HEF_frag1_cavity4.mol2	-1	0.2896	0.3942	0.5217
6ooz_cavityALL.mol2	ic_1rti_1_HEF_frag2_cavity4.mol2	-1	0.2944	0.3442	0.6708
6ooz_cavityALL.mol2	ic_1s1t_1_UC1_frag1_cavity4.mol2	-1	0.2775	0.3974	0.4790
6ooz_cavityALL.mol2	ic_1s1u_1_NVP_frag1_cavity4.mol2	-1	0.2731	0.2971	0.7715
6ooz_cavityALL.mol2	ic_1s1u_1_NVP_frag2_cavity4.mol2	-1	0.3078	0.4248	0.5277
6ooz_cavityALL.mol2	ic_1s1v_1_TNK_frag1_cavity4.mol2	-1	0.2622	0.3108	0.6265
6ooz_cavityALL.mol2	ic_1s1v_1_TNK_frag2_cavity4.mol2	-1	0.3052	0.4066	0.5501
6ooz_cavityALL.mol2	ic_1s1v_1_TNK_frag3_cavity4.mol2	-1	0.2674	0.2940	0.7470
6ooz_cavityALL.mol2	ic_1s1w_1_UC1_frag1_cavity4.mol2	-1	0.2804	0.4327	0.4434
6ooz_cavityALL.mol2	ic_1s1x_1_NVP_frag1_cavity4.mol2	-1	0.2841	0.3141	0.7489
6ooz_cavityALL.mol2	ic_1s1x_1_NVP_frag2_cavity4.mol2	-1	0.2766	0.3964	0.4778
6ooz_cavityALL.mol2	ic_1tkt_1_H12_frag1_cavity4.mol2	-1	0.2705	0.4310	0.4209
6ooz_cavityALL.mol2	ic_1tkx_1_GWB_frag1_cavity4.mol2	-1	0.2292	0.2454	0.7765
6ooz_cavityALL.mol2	ic_1tkx_1_GWB_frag2_cavity4.mol2	-1	0.2744	0.3922	0.4774
6ooz_cavityALL.mol2	ic_1tkz_1_H16_frag1_cavity4.mol2	-1	0.2971	0.3601	0.6293
6ooz_cavityALL.mol2	ic_1tkz_1_H16_frag2_cavity4.mol2	-1	0.3124	0.4277	0.5368
6ooz_cavityALL.mol2	ic_1tl1_1_H18_frag1_cavity4.mol2	-1	0.2695	0.4228	0.4262
6ooz_cavityALL.mol2	ic_1tl3_1_H20_frag1_cavity4.mol2	-1	0.3033	0.4391	0.4951
6ooz_cavityALL.mol2	ic_1vrt_1_NVP_frag1_cavity4.mol2	-1	0.2690	0.3063	0.6883
6ooz_cavityALL.mol2	ic_1vrt_1_NVP_frag2_cavity4.mol2	-1	0.3154	0.4289	0.5439
6ooz_cavityALL.mol2	ic_1vru_1_AAP_frag1_cavity4.mol2	-1	0.3142	0.4079	0.5778
6ooz_cavityALL.mol2	ic_1vru_1_AAP_frag2_cavity4.mol2	-1	0.2981	0.4220	0.5037
6ooz_cavityALL.mol2	ic_2hnd_1_NVP_frag1_cavity4.mol2	-1	0.2796	0.3139	0.7191
6ooz_cavityALL.mol2	ic_2hnd_1_NVP_frag2_cavity4.mol2	-1	0.2958	0.4177	0.5034
6ooz_cavityALL.mol2	ic_2hny_1_NVP_frag1_cavity4.mol2	-1	0.2774	0.3026	0.7688
6ooz_cavityALL.mol2	ic_2hny_1_NVP_frag2_cavity4.mol2	-1	0.3004	0.4208	0.5122
6ooz_cavityALL.mol2	ic_2hnz_1_PC0_frag1_cavity4.mol2	-1	0.3187	0.4203	0.5687
6ooz_cavityALL.mol2	ic_2hnz_1_PC0_frag2_cavity4.mol2	-1	0.2952	0.3907	0.5470
6ooz_cavityALL.mol2	ic_2opp_1_HBQ_frag1_cavity4.mol2	-1	0.2816	0.3767	0.5274
6ooz_cavityALL.mol2	ic_2opq_1_HBQ_frag1_cavity4.mol2	-1	0.2742	0.3902	0.4799
6ooz_cavityALL.mol2	ic_2opr_1_HBQ_frag1_cavity4.mol2	-1	0.2671	0.3857	0.4649
6ooz_cavityALL.mol2	ic_2ops_1_HBQ_frag1_cavity4.mol2	-1	0.2978	0.4292	0.4931
6ooz_cavityALL.mol2	ic_2rf2_1_MRX_frag1_cavity4.mol2	-1	0.2869	0.4207	0.4744
6ooz_cavityALL.mol2	ic_2rki_1_TT1_frag1_cavity4.mol2	-1	0.2762	0.3275	0.6383
6ooz_cavityALL.mol2	ic_2rki_1_TT1_frag2_cavity4.mol2	-1	0.2901	0.3705	0.5720
6ooz_cavityALL.mol2	ic_2rki_1_TT1_frag3_cavity4.mol2	-1	0.2765	0.3296	0.6320
6ooz_cavityALL.mol2	ic_2won_1_ZZE_frag1_cavity4.mol2	-1	0.2432	0.3708	0.4143
6ooz_cavityALL.mol2	ic_2ynf_1_WHU_frag1_cavity4.mol2	-1	0.2515	0.4308	0.3767
6ooz_cavityALL.mol2	ic_2ynh_1_EUR_frag1_cavity4.mol2	-1	0.2419	0.4128	0.3687
6ooz_cavityALL.mol2	ic_3c6t_1_M14_frag1_cavity4.mol2	-1	0.2821	0.3459	0.6046
6ooz_cavityALL.mol2	ic_3c6t_1_M14_frag2_cavity4.mol2	-1	0.2600	0.3910	0.4369
6ooz_cavityALL.mol2	ic_3c6u_1_M22_frag1_cavity4.mol2	-1	0.2603	0.3997	0.4273
6ooz_cavityALL.mol2	ic_3c6u_1_M22_frag2_cavity4.mol2	-1	0.3184	0.3736	0.6831
6ooz_cavityALL.mol2	ic_3di6_1_PDZ_frag1_cavity4.mol2	-1	0.3070	0.4124	0.5457
6ooz_cavityALL.mol2	ic_3di6_1_PDZ_frag2_cavity4.mol2	-1	0.2916	0.3320	0.7055
6ooz_cavityALL.mol2	ic_3dle_1_GFA_frag1_cavity4.mol2	-1	0.3088	0.3730	0.6424
6ooz_cavityALL.mol2	ic_3dle_1_GFA_frag2_cavity4.mol2	-1	0.2990	0.3619	0.6324
6ooz_cavityALL.mol2	ic_3dlg_1_GWE_frag1_cavity4.mol2	-1	0.2814	0.4143	0.4672
6ooz_cavityALL.mol2	ic_3dlg_1_GWE_frag2_cavity4.mol2	-1	0.2835	0.3510	0.5959
6ooz_cavityALL.mol2	ic_3dok_1_GWJ_frag1_cavity4.mol2	-1	0.2846	0.3981	0.4996
6ooz_cavityALL.mol2	ic_3dok_1_GWJ_frag2_cavity4.mol2	-1	0.2330	0.3302	0.4418
6ooz_cavityALL.mol2	ic_3drp_1_R8E_frag1_cavity4.mol2	-1	0.2597	0.3856	0.4430
6ooz_cavityALL.mol2	ic_3drp_1_R8E_frag2_cavity4.mol2	-1	0.3149	0.3542	0.7393
6ooz_cavityALL.mol2	ic_3drr_1_R8E_frag1_cavity4.mol2	-1	0.2565	0.4115	0.4050
6ooz_cavityALL.mol2	ic_3drr_1_R8E_frag2_cavity4.mol2	-1	0.2947	0.3328	0.7202
6ooz_cavityALL.mol2	ic_3dya_1_PZL_frag1_cavity4.mol2	-1	0.3070	0.4182	0.5359
6ooz_cavityALL.mol2	ic_3dya_1_PZL_frag2_cavity4.mol2	-1	0.2741	0.3291	0.6210
6ooz_cavityALL.mol2	ic_3e01_1_PZ2_frag1_cavity4.mol2	-1	0.2878	0.3457	0.6321
6ooz_cavityALL.mol2	ic_3e01_1_PZ2_frag2_cavity4.mol2	-1	0.2618	0.4166	0.4133
6ooz_cavityALL.mol2	ic_3i0r_1_RT3_frag1_cavity4.mol2	-1	0.2941	0.3706	0.5874
6ooz_cavityALL.mol2	ic_3i0r_1_RT3_frag2_cavity4.mol2	-1	0.2968	0.4281	0.4918
6ooz_cavityALL.mol2	ic_3i0s_1_RT7_frag1_cavity4.mol2	-1	0.3022	0.4303	0.5037
6ooz_cavityALL.mol2	ic_3i0s_1_RT7_frag2_cavity4.mol2	-1	0.2846	0.3352	0.6534
6ooz_cavityALL.mol2	ic_3lak_1_KR1_frag1_cavity4.mol2	-1	0.2915	0.3510	0.6321
6ooz_cavityALL.mol2	ic_3lak_1_KR1_frag2_cavity4.mol2	-1	0.2690	0.4392	0.4097
6ooz_cavityALL.mol2	ic_3lal_1_KRV_frag1_cavity4.mol2	-1	0.2508	0.4058	0.3963
6ooz_cavityALL.mol2	ic_3lam_1_KRP_frag1_cavity4.mol2	-1	0.2597	0.4386	0.3890
6ooz_cavityALL.mol2	ic_3lan_1_KBT_frag1_cavity4.mol2	-1	0.2460	0.4059	0.3843
6ooz_cavityALL.mol2	ic_3lp0_2_NVP_frag1_cavity4.mol2	-1	0.2739	0.3070	0.7174
6ooz_cavityALL.mol2	ic_3lp0_2_NVP_frag2_cavity4.mol2	-1	0.2928	0.4163	0.4968
6ooz_cavityALL.mol2	ic_3lp1_2_NVP_frag1_cavity4.mol2	-1	0.2789	0.3077	0.7490
6ooz_cavityALL.mol2	ic_3lp1_2_NVP_frag2_cavity4.mol2	-1	0.2942	0.3953	0.5348
6ooz_cavityALL.mol2	ic_3lp2_1_LP9_frag1_cavity4.mol2	-1	0.2385	0.3334	0.4561
6ooz_cavityALL.mol2	ic_3m8p_1_65B_frag1_cavity4.mol2	-1	0.2487	0.4221	0.3770
6ooz_cavityALL.mol2	ic_3m8q_1_DJZ_frag1_cavity4.mol2	-1	0.2349	0.4242	0.3449
6ooz_cavityALL.mol2	ic_3mec_1_65B_frag1_cavity4.mol2	-1	0.2384	0.3866	0.3835
6ooz_cavityALL.mol2	ic_3med_1_65B_frag1_cavity4.mol2	-1	0.2721	0.4175	0.4387
6ooz_cavityALL.mol2	ic_3mee_1_T27_frag1_cavity4.mol2	-1	0.2614	0.4328	0.3978
6ooz_cavityALL.mol2	ic_3meg_1_T27_frag1_cavity4.mol2	-1	0.2614	0.4228	0.4065
6ooz_cavityALL.mol2	ic_3nbp_1_JGZ_frag1_cavity4.mol2	-1	0.2347	0.3893	0.3714
6ooz_cavityALL.mol2	ic_3nbp_1_JGZ_frag2_cavity4.mol2	-1	0.2677	0.3177	0.6297
6ooz_cavityALL.mol2	ic_3qip_1_NVP_frag1_cavity4.mol2	-1	0.2704	0.3003	0.7310
6ooz_cavityALL.mol2	ic_3qip_1_NVP_frag2_cavity4.mol2	-1	0.2976	0.4121	0.5171
6ooz_cavityALL.mol2	ic_3t19_1_5MA_frag1_cavity4.mol2	-1	0.2607	0.3884	0.4421
6ooz_cavityALL.mol2	ic_3t19_1_5MA_frag2_cavity4.mol2	-1	0.2387	0.2503	0.8378
6ooz_cavityALL.mol2	ic_3t1a_1_5MA_frag1_cavity4.mol2	-1	0.2807	0.4206	0.4576
6ooz_cavityALL.mol2	ic_3t1a_1_5MA_frag2_cavity4.mol2	-1	0.3118	0.3596	0.7009
6ooz_cavityALL.mol2	ic_3tam_1_M06_frag1_cavity4.mol2	-1	0.3177	0.4253	0.5567
6ooz_cavityALL.mol2	ic_3tam_1_M06_frag2_cavity4.mol2	-1	0.2896	0.3455	0.6416
6ooz_cavityALL.mol2	ic_4i7f_1_NVE_frag1_cavity4.mol2	-1	0.2827	0.4141	0.4712
6ooz_cavityALL.mol2	ic_4i7f_1_NVE_frag2_cavity4.mol2	-1	0.2804	0.3332	0.6389
6op0_cavityALL.mol2	ic_1c0t_1_BM1_frag1_cavity4.mol2	-1	0.2339	0.2661	0.6588
6op0_cavityALL.mol2	ic_1c0t_1_BM1_frag2_cavity4.mol2	-1	0.2031	0.2222	0.7028
6op0_cavityALL.mol2	ic_1c0u_1_BM5_frag1_cavity4.mol2	-1	0.2573	0.2948	0.6692
6op0_cavityALL.mol2	ic_1c0u_1_BM5_frag2_cavity4.mol2	-1	0.1884	0.2042	0.7084
6op0_cavityALL.mol2	ic_1c1b_1_GCA_frag1_cavity4.mol2	-1	0.1898	0.2173	0.5997
6op0_cavityALL.mol2	ic_1c1b_1_GCA_frag2_cavity4.mol2	-1	0.2540	0.3038	0.6078
6op0_cavityALL.mol2	ic_1c1c_1_612_frag1_cavity4.mol2	-1	0.1883	0.2122	0.6256
6op0_cavityALL.mol2	ic_1c1c_1_612_frag2_cavity4.mol2	-1	0.2460	0.2826	0.6551
6op0_cavityALL.mol2	ic_1ep4_1_S11_frag1_cavity4.mol2	-1	0.2233	0.2638	0.5927
6op0_cavityALL.mol2	ic_1ep4_1_S11_frag2_cavity4.mol2	-1	0.1901	0.2124	0.6437
6op0_cavityALL.mol2	ic_1ep4_1_S11_frag3_cavity4.mol2	-1	0.1916	0.2131	0.6549
6op0_cavityALL.mol2	ic_1fk9_1_EFZ_frag1_cavity4.mol2	-1	0.2293	0.2662	0.6236
6op0_cavityALL.mol2	ic_1fk9_1_EFZ_frag2_cavity4.mol2	-1	0.1526	0.1588	0.7962
6op0_cavityALL.mol2	ic_1fko_1_EFZ_frag1_cavity4.mol2	-1	0.2541	0.2742	0.7763
6op0_cavityALL.mol2	ic_1fko_1_EFZ_frag2_cavity4.mol2	-1	0.1354	0.1424	0.7316
6op0_cavityALL.mol2	ic_1fkp_1_NVP_frag1_cavity4.mol2	-1	0.1569	0.1690	0.6863
6op0_cavityALL.mol2	ic_1fkp_1_NVP_frag2_cavity4.mol2	-1	0.2339	0.2775	0.5987
6op0_cavityALL.mol2	ic_1jkh_1_EFZ_frag1_cavity4.mol2	-1	0.2264	0.2549	0.6694
6op0_cavityALL.mol2	ic_1jkh_1_EFZ_frag2_cavity4.mol2	-1	0.1561	0.1632	0.7818
6op0_cavityALL.mol2	ic_1jla_1_TNK_frag1_cavity4.mol2	-1	0.1994	0.2157	0.7250
6op0_cavityALL.mol2	ic_1jla_1_TNK_frag2_cavity4.mol2	-1	0.2194	0.2518	0.6307
6op0_cavityALL.mol2	ic_1jla_1_TNK_frag3_cavity4.mol2	-1	0.2135	0.2226	0.8401
6op0_cavityALL.mol2	ic_1jlb_1_NVP_frag1_cavity4.mol2	-1	0.1776	0.1852	0.8137
6op0_cavityALL.mol2	ic_1jlb_1_NVP_frag2_cavity4.mol2	-1	0.2196	0.2643	0.5648
6op0_cavityALL.mol2	ic_1jlc_1_FTC_frag1_cavity4.mol2	-1	0.2355	0.2667	0.6680
6op0_cavityALL.mol2	ic_1jlc_1_FTC_frag2_cavity4.mol2	-1	0.2351	0.2699	0.6462
6op0_cavityALL.mol2	ic_1jlf_1_NVP_frag1_cavity4.mol2	-1	0.1507	0.1626	0.6729
6op0_cavityALL.mol2	ic_1jlf_1_NVP_frag2_cavity4.mol2	-1	0.2311	0.2841	0.5533
6op0_cavityALL.mol2	ic_1jlg_1_UC1_frag1_cavity4.mol2	-1	0.2533	0.3040	0.6027
6op0_cavityALL.mol2	ic_1jlq_1_SBN_frag1_cavity4.mol2	-1	0.2592	0.3078	0.6215
6op0_cavityALL.mol2	ic_1klm_1_SPP_frag1_cavity4.mol2	-1	0.2473	0.3367	0.4824
6op0_cavityALL.mol2	ic_1lw0_1_NVP_frag1_cavity4.mol2	-1	0.1750	0.1884	0.7110
6op0_cavityALL.mol2	ic_1lw0_1_NVP_frag2_cavity4.mol2	-1	0.2225	0.2680	0.5671
6op0_cavityALL.mol2	ic_1lw2_1_U05_frag1_cavity4.mol2	-1	0.2350	0.2949	0.5363
6op0_cavityALL.mol2	ic_1lwc_1_NVP_frag1_cavity4.mol2	-1	0.1797	0.1920	0.7377
6op0_cavityALL.mol2	ic_1lwc_1_NVP_frag2_cavity4.mol2	-1	0.2221	0.2635	0.5859
6op0_cavityALL.mol2	ic_1lwe_1_NVP_frag1_cavity4.mol2	-1	0.1747	0.1867	0.7305
6op0_cavityALL.mol2	ic_1lwe_1_NVP_frag2_cavity4.mol2	-1	0.2360	0.2924	0.5501
6op0_cavityALL.mol2	ic_1lwf_1_NVP_frag1_cavity4.mol2	-1	0.1644	0.1766	0.7037
6op0_cavityALL.mol2	ic_1lwf_1_NVP_frag2_cavity4.mol2	-1	0.2244	0.2707	0.5673
6op0_cavityALL.mol2	ic_1rev_1_TB9_frag1_cavity4.mol2	-1	0.2263	0.2835	0.5287
6op0_cavityALL.mol2	ic_1rt1_1_MKC_frag1_cavity4.mol2	-1	0.1727	0.1883	0.6751
6op0_cavityALL.mol2	ic_1rt1_1_MKC_frag2_cavity4.mol2	-1	0.2316	0.2701	0.6194
6op0_cavityALL.mol2	ic_1rt2_1_TNK_frag1_cavity4.mol2	-1	0.1857	0.2054	0.6595
6op0_cavityALL.mol2	ic_1rt2_1_TNK_frag2_cavity4.mol2	-1	0.2358	0.2626	0.6980
6op0_cavityALL.mol2	ic_1rt2_1_TNK_frag3_cavity4.mol2	-1	0.1843	0.1969	0.7431
6op0_cavityALL.mol2	ic_1rt3_1_U05_frag1_cavity4.mol2	-1	0.2397	0.2944	0.5634
6op0_cavityALL.mol2	ic_1rt4_1_UC1_frag1_cavity4.mol2	-1	0.2648	0.3207	0.6032
6op0_cavityALL.mol2	ic_1rt5_1_UC2_frag1_cavity4.mol2	-1	0.2509	0.3073	0.5779
6op0_cavityALL.mol2	ic_1rt6_1_UC3_frag1_cavity4.mol2	-1	0.2676	0.3233	0.6082
6op0_cavityALL.mol2	ic_1rt7_1_UC4_frag1_cavity4.mol2	-1	0.2572	0.3171	0.5767
6op0_cavityALL.mol2	ic_1rth_1_U05_frag1_cavity4.mol2	-1	0.2352	0.2865	0.5679
6op0_cavityALL.mol2	ic_1rti_1_HEF_frag1_cavity4.mol2	-1	0.2346	0.2729	0.6259
6op0_cavityALL.mol2	ic_1rti_1_HEF_frag2_cavity4.mol2	-1	0.1790	0.1977	0.6543
6op0_cavityALL.mol2	ic_1s1t_1_UC1_frag1_cavity4.mol2	-1	0.2267	0.2730	0.5722
6op0_cavityALL.mol2	ic_1s1u_1_NVP_frag1_cavity4.mol2	-1	0.1694	0.1785	0.7688
6op0_cavityALL.mol2	ic_1s1u_1_NVP_frag2_cavity4.mol2	-1	0.2279	0.2716	0.5860
6op0_cavityALL.mol2	ic_1s1v_1_TNK_frag1_cavity4.mol2	-1	0.1777	0.1951	0.6662
6op0_cavityALL.mol2	ic_1s1v_1_TNK_frag2_cavity4.mol2	-1	0.2463	0.2820	0.6607
6op0_cavityALL.mol2	ic_1s1v_1_TNK_frag3_cavity4.mol2	-1	0.1726	0.1821	0.7685
6op0_cavityALL.mol2	ic_1s1w_1_UC1_frag1_cavity4.mol2	-1	0.2529	0.3146	0.5630
6op0_cavityALL.mol2	ic_1s1x_1_NVP_frag1_cavity4.mol2	-1	0.1676	0.1795	0.7155
6op0_cavityALL.mol2	ic_1s1x_1_NVP_frag2_cavity4.mol2	-1	0.2256	0.2719	0.5699
6op0_cavityALL.mol2	ic_1tkt_1_H12_frag1_cavity4.mol2	-1	0.2455	0.3126	0.5335
6op0_cavityALL.mol2	ic_1tkx_1_GWB_frag1_cavity4.mol2	-1	0.1517	0.1573	0.8081
6op0_cavityALL.mol2	ic_1tkx_1_GWB_frag2_cavity4.mol2	-1	0.2620	0.3057	0.6470
6op0_cavityALL.mol2	ic_1tkz_1_H16_frag1_cavity4.mol2	-1	0.2005	0.2230	0.6662
6op0_cavityALL.mol2	ic_1tkz_1_H16_frag2_cavity4.mol2	-1	0.2711	0.3112	0.6781
6op0_cavityALL.mol2	ic_1tl1_1_H18_frag1_cavity4.mol2	-1	0.2531	0.3167	0.5577
6op0_cavityALL.mol2	ic_1tl3_1_H20_frag1_cavity4.mol2	-1	0.2418	0.2939	0.5774
6op0_cavityALL.mol2	ic_1vrt_1_NVP_frag1_cavity4.mol2	-1	0.1697	0.1835	0.6926
6op0_cavityALL.mol2	ic_1vrt_1_NVP_frag2_cavity4.mol2	-1	0.2266	0.2687	0.5914
6op0_cavityALL.mol2	ic_1vru_1_AAP_frag1_cavity4.mol2	-1	0.2329	0.2661	0.6515
6op0_cavityALL.mol2	ic_1vru_1_AAP_frag2_cavity4.mol2	-1	0.2252	0.2723	0.5653
6op0_cavityALL.mol2	ic_2hnd_1_NVP_frag1_cavity4.mol2	-1	0.1743	0.1870	0.7185
6op0_cavityALL.mol2	ic_2hnd_1_NVP_frag2_cavity4.mol2	-1	0.2312	0.2774	0.5814
6op0_cavityALL.mol2	ic_2hny_1_NVP_frag1_cavity4.mol2	-1	0.1740	0.1833	0.7736
6op0_cavityALL.mol2	ic_2hny_1_NVP_frag2_cavity4.mol2	-1	0.2433	0.2882	0.6098
6op0_cavityALL.mol2	ic_2hnz_1_PC0_frag1_cavity4.mol2	-1	0.2657	0.2995	0.7018
6op0_cavityALL.mol2	ic_2hnz_1_PC0_frag2_cavity4.mol2	-1	0.2201	0.2549	0.6171
6op0_cavityALL.mol2	ic_2opp_1_HBQ_frag1_cavity4.mol2	-1	0.2316	0.2657	0.6433
6op0_cavityALL.mol2	ic_2opq_1_HBQ_frag1_cavity4.mol2	-1	0.2313	0.2757	0.5892
6op0_cavityALL.mol2	ic_2opr_1_HBQ_frag1_cavity4.mol2	-1	0.2531	0.2984	0.6254
6op0_cavityALL.mol2	ic_2ops_1_HBQ_frag1_cavity4.mol2	-1	0.2609	0.3103	0.6208
6op0_cavityALL.mol2	ic_2rf2_1_MRX_frag1_cavity4.mol2	-1	0.2584	0.3098	0.6088
6op0_cavityALL.mol2	ic_2rki_1_TT1_frag1_cavity4.mol2	-1	0.2070	0.2233	0.7390
6op0_cavityALL.mol2	ic_2rki_1_TT1_frag2_cavity4.mol2	-1	0.2361	0.2628	0.6986
6op0_cavityALL.mol2	ic_2rki_1_TT1_frag3_cavity4.mol2	-1	0.1747	0.1944	0.6335
6op0_cavityALL.mol2	ic_2won_1_ZZE_frag1_cavity4.mol2	-1	0.2624	0.3146	0.6126
6op0_cavityALL.mol2	ic_2ynf_1_WHU_frag1_cavity4.mol2	-1	0.2386	0.3185	0.4876
6op0_cavityALL.mol2	ic_2ynh_1_EUR_frag1_cavity4.mol2	-1	0.2374	0.3146	0.4917
6op0_cavityALL.mol2	ic_3c6t_1_M14_frag1_cavity4.mol2	-1	0.2037	0.2259	0.6749
6op0_cavityALL.mol2	ic_3c6t_1_M14_frag2_cavity4.mol2	-1	0.2320	0.2850	0.5550
6op0_cavityALL.mol2	ic_3c6u_1_M22_frag1_cavity4.mol2	-1	0.2447	0.3020	0.5632
6op0_cavityALL.mol2	ic_3c6u_1_M22_frag2_cavity4.mol2	-1	0.2310	0.2478	0.7727
6op0_cavityALL.mol2	ic_3di6_1_PDZ_frag1_cavity4.mol2	-1	0.2099	0.2492	0.5715
6op0_cavityALL.mol2	ic_3di6_1_PDZ_frag2_cavity4.mol2	-1	0.1856	0.2002	0.7178
6op0_cavityALL.mol2	ic_3dle_1_GFA_frag1_cavity4.mol2	-1	0.2275	0.2482	0.7316
6op0_cavityALL.mol2	ic_3dle_1_GFA_frag2_cavity4.mol2	-1	0.2024	0.2247	0.6714
6op0_cavityALL.mol2	ic_3dlg_1_GWE_frag1_cavity4.mol2	-1	0.2246	0.2768	0.5438
6op0_cavityALL.mol2	ic_3dlg_1_GWE_frag2_cavity4.mol2	-1	0.2094	0.2327	0.6767
6op0_cavityALL.mol2	ic_3dok_1_GWJ_frag1_cavity4.mol2	-1	0.2327	0.2754	0.6002
6op0_cavityALL.mol2	ic_3dok_1_GWJ_frag2_cavity4.mol2	-1	0.2188	0.2570	0.5957
6op0_cavityALL.mol2	ic_3drp_1_R8E_frag1_cavity4.mol2	-1	0.2461	0.2962	0.5925
6op0_cavityALL.mol2	ic_3drp_1_R8E_frag2_cavity4.mol2	-1	0.1903	0.2052	0.7235
6op0_cavityALL.mol2	ic_3drr_1_R8E_frag1_cavity4.mol2	-1	0.2351	0.3010	0.5178
6op0_cavityALL.mol2	ic_3drr_1_R8E_frag2_cavity4.mol2	-1	0.1901	0.2035	0.7422
6op0_cavityALL.mol2	ic_3dya_1_PZL_frag1_cavity4.mol2	-1	0.2095	0.2511	0.5584
6op0_cavityALL.mol2	ic_3dya_1_PZL_frag2_cavity4.mol2	-1	0.1819	0.2019	0.6481
6op0_cavityALL.mol2	ic_3e01_1_PZ2_frag1_cavity4.mol2	-1	0.2164	0.2349	0.7324
6op0_cavityALL.mol2	ic_3e01_1_PZ2_frag2_cavity4.mol2	-1	0.2211	0.2855	0.4949
6op0_cavityALL.mol2	ic_3i0r_1_RT3_frag1_cavity4.mol2	-1	0.2383	0.2631	0.7167
6op0_cavityALL.mol2	ic_3i0r_1_RT3_frag2_cavity4.mol2	-1	0.2220	0.2725	0.5451
6op0_cavityALL.mol2	ic_3i0s_1_RT7_frag1_cavity4.mol2	-1	0.2373	0.2860	0.5827
6op0_cavityALL.mol2	ic_3i0s_1_RT7_frag2_cavity4.mol2	-1	0.2304	0.2439	0.8070
6op0_cavityALL.mol2	ic_3lak_1_KR1_frag1_cavity4.mol2	-1	0.2065	0.2269	0.6973
6op0_cavityALL.mol2	ic_3lak_1_KR1_frag2_cavity4.mol2	-1	0.2499	0.3224	0.5261
6op0_cavityALL.mol2	ic_3lal_1_KRV_frag1_cavity4.mol2	-1	0.2252	0.2915	0.4975
6op0_cavityALL.mol2	ic_3lam_1_KRP_frag1_cavity4.mol2	-1	0.2357	0.3136	0.4868
6op0_cavityALL.mol2	ic_3lan_1_KBT_frag1_cavity4.mol2	-1	0.2395	0.3099	0.5132
6op0_cavityALL.mol2	ic_3lp0_2_NVP_frag1_cavity4.mol2	-1	0.1667	0.1794	0.7019
6op0_cavityALL.mol2	ic_3lp0_2_NVP_frag2_cavity4.mol2	-1	0.2270	0.2741	0.5691
6op0_cavityALL.mol2	ic_3lp1_2_NVP_frag1_cavity4.mol2	-1	0.1745	0.1851	0.7518
6op0_cavityALL.mol2	ic_3lp1_2_NVP_frag2_cavity4.mol2	-1	0.2372	0.2735	0.6409
6op0_cavityALL.mol2	ic_3lp2_1_LP9_frag1_cavity4.mol2	-1	0.2202	0.2567	0.6079
6op0_cavityALL.mol2	ic_3m8p_1_65B_frag1_cavity4.mol2	-1	0.2459	0.3237	0.5059
6op0_cavityALL.mol2	ic_3m8q_1_DJZ_frag1_cavity4.mol2	-1	0.2743	0.3665	0.5218
6op0_cavityALL.mol2	ic_3mec_1_65B_frag1_cavity4.mol2	-1	0.2326	0.2976	0.5159
6op0_cavityALL.mol2	ic_3med_1_65B_frag1_cavity4.mol2	-1	0.2466	0.3057	0.5607
6op0_cavityALL.mol2	ic_3mee_1_T27_frag1_cavity4.mol2	-1	0.2765	0.3513	0.5649
6op0_cavityALL.mol2	ic_3meg_1_T27_frag1_cavity4.mol2	-1	0.2654	0.3345	0.5623
6op0_cavityALL.mol2	ic_3nbp_1_JGZ_frag1_cavity4.mol2	-1	0.2633	0.3334	0.5562
6op0_cavityALL.mol2	ic_3nbp_1_JGZ_frag2_cavity4.mol2	-1	0.2000	0.2163	0.7269
6op0_cavityALL.mol2	ic_3qip_1_NVP_frag1_cavity4.mol2	-1	0.1730	0.1838	0.7463
6op0_cavityALL.mol2	ic_3qip_1_NVP_frag2_cavity4.mol2	-1	0.2407	0.2830	0.6168
6op0_cavityALL.mol2	ic_3t19_1_5MA_frag1_cavity4.mol2	-1	0.2230	0.2743	0.5437
6op0_cavityALL.mol2	ic_3t19_1_5MA_frag2_cavity4.mol2	-1	0.1607	0.1641	0.8857
6op0_cavityALL.mol2	ic_3t1a_1_5MA_frag1_cavity4.mol2	-1	0.2251	0.2806	0.5324
6op0_cavityALL.mol2	ic_3t1a_1_5MA_frag2_cavity4.mol2	-1	0.1916	0.2094	0.6930
6op0_cavityALL.mol2	ic_3tam_1_M06_frag1_cavity4.mol2	-1	0.2290	0.2685	0.6094
6op0_cavityALL.mol2	ic_3tam_1_M06_frag2_cavity4.mol2	-1	0.1924	0.2123	0.6717
6op0_cavityALL.mol2	ic_4i7f_1_NVE_frag1_cavity4.mol2	-1	0.2429	0.2940	0.5828
6op0_cavityALL.mol2	ic_4i7f_1_NVE_frag2_cavity4.mol2	-1	0.2178	0.2337	0.7617
6ooy_cavityALL.mol2	ic_1s6q_1_TPB_frag1_cavity4.mol2	-1	0.2333	0.3050	0.4981
6ooy_cavityALL.mol2	ic_1s9e_1_ADB_frag1_cavity4.mol2	-1	0.2351	0.2890	0.5577
6ooy_cavityALL.mol2	ic_1tvr_1_TB9_frag1_cavity4.mol2	-1	0.2022	0.2719	0.4409
6ooy_cavityALL.mol2	ic_2b5j_1_3AC_frag1_cavity4.mol2	-1	0.2550	0.3293	0.5303
6ooy_cavityALL.mol2	ic_2ban_1_357_frag1_cavity4.mol2	-1	0.2423	0.2970	0.5681
6ooy_cavityALL.mol2	ic_2ban_1_357_frag2_cavity4.mol2	-1	0.1817	0.1991	0.6745
6ooy_cavityALL.mol2	ic_2be2_1_R22_frag1_cavity4.mol2	-1	0.2139	0.2588	0.5523
6ooy_cavityALL.mol2	ic_2be2_1_R22_frag2_cavity4.mol2	-1	0.1756	0.1900	0.6982
6ooy_cavityALL.mol2	ic_2ic3_1_HBY_frag1_cavity4.mol2	-1	0.2142	0.2797	0.4777
6ooy_cavityALL.mol2	ic_2jle_1_I15_frag1_cavity4.mol2	-1	0.2488	0.2800	0.6910
6ooy_cavityALL.mol2	ic_2vg5_1_NNC_frag1_cavity4.mol2	-1	0.2172	0.2467	0.6451
6ooy_cavityALL.mol2	ic_2vg5_1_NNC_frag2_cavity4.mol2	-1	0.1941	0.2270	0.5731
6ooy_cavityALL.mol2	ic_2vg7_1_NNI_frag1_cavity4.mol2	-1	0.2142	0.2479	0.6119
6ooy_cavityALL.mol2	ic_2vg7_1_NNI_frag2_cavity4.mol2	-1	0.1925	0.2283	0.5512
6ooy_cavityALL.mol2	ic_2ykm_1_YKN_frag1_cavity4.mol2	-1	0.1930	0.2162	0.6423
6ooy_cavityALL.mol2	ic_2ykm_1_YKN_frag2_cavity4.mol2	-1	0.1809	0.2097	0.5688
6ooy_cavityALL.mol2	ic_2zd1_1_T27_frag1_cavity4.mol2	-1	0.2043	0.2735	0.4468
6ooy_cavityALL.mol2	ic_2ze2_1_T27_frag1_cavity4.mol2	-1	0.2281	0.3159	0.4508
6ooy_cavityALL.mol2	ic_3bgr_1_T27_frag1_cavity4.mol2	-1	0.1975	0.2504	0.4832
6ooy_cavityALL.mol2	ic_3dmj_1_GWE_frag1_cavity4.mol2	-1	0.2142	0.2503	0.5978
6ooy_cavityALL.mol2	ic_3dmj_1_GWE_frag2_cavity4.mol2	-1	0.1989	0.2210	0.6656
6ooy_cavityALL.mol2	ic_3dol_1_GWI_frag1_cavity4.mol2	-1	0.2287	0.2876	0.5276
6ooy_cavityALL.mol2	ic_3dol_1_GWI_frag2_cavity4.mol2	-1	0.2074	0.2225	0.7537
6ooy_cavityALL.mol2	ic_3hvt_1_NVP_frag1_cavity4.mol2	-1	0.1684	0.1814	0.7021
6ooy_cavityALL.mol2	ic_3hvt_1_NVP_frag2_cavity4.mol2	-1	0.1953	0.2310	0.5577
6ooy_cavityALL.mol2	ic_3irx_1_UDR_frag1_cavity4.mol2	-1	0.2266	0.3464	0.3957
6ooy_cavityALL.mol2	ic_3irx_1_UDR_frag2_cavity4.mol2	-1	0.1803	0.1972	0.6785
6ooy_cavityALL.mol2	ic_3is9_1_AC7_frag1_cavity4.mol2	-1	0.2356	0.3468	0.4235
6ooy_cavityALL.mol2	ic_3qlh_2_T27_frag1_cavity4.mol2	-1	0.2155	0.2985	0.4369
6ooy_cavityALL.mol2	ic_4g1q_1_T27_frag1_cavity4.mol2	-1	0.2146	0.2777	0.4855
6ooy_cavityALL.mol2	ic_4h4m_1_494_frag1_cavity4.mol2	-1	0.2179	0.2740	0.5153
6ooy_cavityALL.mol2	ic_4h4m_1_494_frag2_cavity4.mol2	-1	0.1919	0.2107	0.6819
6ooy_cavityALL.mol2	ic_4h4o_1_506_frag1_cavity4.mol2	-1	0.1814	0.2010	0.6502
6ooy_cavityALL.mol2	ic_4h4o_1_506_frag2_cavity4.mol2	-1	0.2527	0.3243	0.5336
6ooy_cavityALL.mol2	ic_4i2p_1_G73_frag1_cavity4.mol2	-1	0.2503	0.3379	0.4914
6ooy_cavityALL.mol2	ic_4i2q_1_1BT_frag1_cavity4.mol2	-1	0.2494	0.3333	0.4976
6ooy_cavityALL.mol2	ic_4id5_1_T27_frag1_cavity4.mol2	-1	0.2273	0.3059	0.4691
6ooy_cavityALL.mol2	ic_4ifv_1_T27_frag1_cavity4.mol2	-1	0.2182	0.2927	0.4614
6ooy_cavityALL.mol2	ic_4ig3_1_T27_frag1_cavity4.mol2	-1	0.2118	0.2677	0.5034
6ooy_cavityALL.mol2	ic_4kfb_2_T27_frag1_cavity4.mol2	-1	0.2177	0.2914	0.4626
6ooy_cavityALL.mol2	ic_4kko_1_1RE_frag1_cavity4.mol2	-1	0.2301	0.3099	0.4720
6ooy_cavityALL.mol2	ic_4kko_1_1RE_frag2_cavity4.mol2	-1	0.1081	0.1142	0.6715
6ooy_cavityALL.mol2	ic_4ko0_1_JLJ_frag1_cavity4.mol2	-1	0.2460	0.3016	0.5720
6ooy_cavityALL.mol2	ic_4lsl_1_1YQ_frag1_cavity4.mol2	-1	0.2518	0.3207	0.5395
6ooy_cavityALL.mol2	ic_4lsl_1_1YQ_frag2_cavity4.mol2	-1	0.1942	0.2174	0.6459
6ooy_cavityALL.mol2	ic_4mfb_1_29T_frag1_cavity4.mol2	-1	0.2026	0.2352	0.5938
6ooy_cavityALL.mol2	ic_4mfb_1_29T_frag2_cavity4.mol2	-1	0.1839	0.1998	0.6985
6ooy_cavityALL.mol2	ic_4rw4_1_494_frag1_cavity4.mol2	-1	0.2360	0.3137	0.4877
6ooy_cavityALL.mol2	ic_4rw4_1_494_frag2_cavity4.mol2	-1	0.2013	0.2247	0.6587
6ooy_cavityALL.mol2	ic_4rw6_1_494_frag1_cavity4.mol2	-1	0.2196	0.2677	0.5500
6ooy_cavityALL.mol2	ic_4rw6_1_494_frag2_cavity4.mol2	-1	0.1853	0.2047	0.6622
6ooy_cavityALL.mol2	ic_5cyq_1_T27_frag1_cavity4.mol2	-1	0.2073	0.2753	0.4563
6ooz_cavityALL.mol2	ic_1s6q_1_TPB_frag1_cavity4.mol2	-1	0.2571	0.4253	0.3938
6ooz_cavityALL.mol2	ic_1s9e_1_ADB_frag1_cavity4.mol2	-1	0.2907	0.4305	0.4724
6ooz_cavityALL.mol2	ic_1tvr_1_TB9_frag1_cavity4.mol2	-1	0.2757	0.4513	0.4148
6ooz_cavityALL.mol2	ic_2b5j_1_3AC_frag1_cavity4.mol2	-1	0.2300	0.3919	0.3576
6ooz_cavityALL.mol2	ic_2ban_1_357_frag1_cavity4.mol2	-1	0.3096	0.4537	0.4936
6ooz_cavityALL.mol2	ic_2ban_1_357_frag2_cavity4.mol2	-1	0.2975	0.3450	0.6837
6ooz_cavityALL.mol2	ic_2be2_1_R22_frag1_cavity4.mol2	-1	0.2946	0.4145	0.5045
6ooz_cavityALL.mol2	ic_2be2_1_R22_frag2_cavity4.mol2	-1	0.2588	0.3006	0.6506
6ooz_cavityALL.mol2	ic_2ic3_1_HBY_frag1_cavity4.mol2	-1	0.2587	0.4176	0.4047
6ooz_cavityALL.mol2	ic_2jle_1_I15_frag1_cavity4.mol2	-1	0.2540	0.3456	0.4895
6ooz_cavityALL.mol2	ic_2vg5_1_NNC_frag1_cavity4.mol2	-1	0.3105	0.3944	0.5936
6ooz_cavityALL.mol2	ic_2vg5_1_NNC_frag2_cavity4.mol2	-1	0.2985	0.3884	0.5634
6ooz_cavityALL.mol2	ic_2vg7_1_NNI_frag1_cavity4.mol2	-1	0.3188	0.4124	0.5842
6ooz_cavityALL.mol2	ic_2vg7_1_NNI_frag2_cavity4.mol2	-1	0.2736	0.3701	0.5122
6ooz_cavityALL.mol2	ic_2ykm_1_YKN_frag1_cavity4.mol2	-1	0.2876	0.3530	0.6080
6ooz_cavityALL.mol2	ic_2ykm_1_YKN_frag2_cavity4.mol2	-1	0.3043	0.3825	0.5982
6ooz_cavityALL.mol2	ic_2zd1_1_T27_frag1_cavity4.mol2	-1	0.2646	0.4352	0.4030
6ooz_cavityALL.mol2	ic_2ze2_1_T27_frag1_cavity4.mol2	-1	0.2241	0.4097	0.3310
6ooz_cavityALL.mol2	ic_3bgr_1_T27_frag1_cavity4.mol2	-1	0.2907	0.4304	0.4724
6ooz_cavityALL.mol2	ic_3dmj_1_GWE_frag1_cavity4.mol2	-1	0.2805	0.3791	0.5188
6ooz_cavityALL.mol2	ic_3dmj_1_GWE_frag2_cavity4.mol2	-1	0.2810	0.3449	0.6027
6ooz_cavityALL.mol2	ic_3dol_1_GWI_frag1_cavity4.mol2	-1	0.2629	0.4080	0.4251
6ooz_cavityALL.mol2	ic_3dol_1_GWI_frag2_cavity4.mol2	-1	0.3079	0.3542	0.7020
6ooz_cavityALL.mol2	ic_3hvt_1_NVP_frag1_cavity4.mol2	-1	0.2616	0.2979	0.6825
6ooz_cavityALL.mol2	ic_3hvt_1_NVP_frag2_cavity4.mol2	-1	0.2736	0.3701	0.5122
6ooz_cavityALL.mol2	ic_3irx_1_UDR_frag1_cavity4.mol2	-1	0.2200	0.4590	0.2970
6ooz_cavityALL.mol2	ic_3irx_1_UDR_frag2_cavity4.mol2	-1	0.3006	0.3458	0.6970
6ooz_cavityALL.mol2	ic_3is9_1_AC7_frag1_cavity4.mol2	-1	0.2092	0.4233	0.2926
6ooz_cavityALL.mol2	ic_3qlh_2_T27_frag1_cavity4.mol2	-1	0.2361	0.4215	0.3493
6ooz_cavityALL.mol2	ic_4g1q_1_T27_frag1_cavity4.mol2	-1	0.2684	0.4250	0.4216
6ooz_cavityALL.mol2	ic_4h4m_1_494_frag1_cavity4.mol2	-1	0.2606	0.4001	0.4277
6ooz_cavityALL.mol2	ic_4h4m_1_494_frag2_cavity4.mol2	-1	0.2960	0.3495	0.6594
6ooz_cavityALL.mol2	ic_4h4o_1_506_frag1_cavity4.mol2	-1	0.2834	0.3378	0.6374
6ooz_cavityALL.mol2	ic_4h4o_1_506_frag2_cavity4.mol2	-1	0.2548	0.4208	0.3925
6ooz_cavityALL.mol2	ic_4i2p_1_G73_frag1_cavity4.mol2	-1	0.2519	0.4456	0.3669
6ooz_cavityALL.mol2	ic_4i2q_1_1BT_frag1_cavity4.mol2	-1	0.2681	0.4616	0.3902
6ooz_cavityALL.mol2	ic_4id5_1_T27_frag1_cavity4.mol2	-1	0.2491	0.4290	0.3726
6ooz_cavityALL.mol2	ic_4ifv_1_T27_frag1_cavity4.mol2	-1	0.2466	0.4193	0.3745
6ooz_cavityALL.mol2	ic_4ig3_1_T27_frag1_cavity4.mol2	-1	0.2783	0.4214	0.4505
6ooz_cavityALL.mol2	ic_4kfb_2_T27_frag1_cavity4.mol2	-1	0.2646	0.4419	0.3974
6ooz_cavityALL.mol2	ic_4kko_1_1RE_frag1_cavity4.mol2	-1	0.2603	0.4460	0.3847
6ooz_cavityALL.mol2	ic_4kko_1_1RE_frag2_cavity4.mol2	-1	0.1789	0.1931	0.7082
6ooz_cavityALL.mol2	ic_4ko0_1_JLJ_frag1_cavity4.mol2	-1	0.2781	0.4194	0.4523
6ooz_cavityALL.mol2	ic_4lsl_1_1YQ_frag1_cavity4.mol2	-1	0.2569	0.4186	0.3994
6ooz_cavityALL.mol2	ic_4lsl_1_1YQ_frag2_cavity4.mol2	-1	0.2718	0.3378	0.5817
6ooz_cavityALL.mol2	ic_4mfb_1_29T_frag1_cavity4.mol2	-1	0.3197	0.4093	0.5937
6ooz_cavityALL.mol2	ic_4mfb_1_29T_frag2_cavity4.mol2	-1	0.2915	0.3358	0.6886
6ooz_cavityALL.mol2	ic_4rw4_1_494_frag1_cavity4.mol2	-1	0.2339	0.4048	0.3565
6ooz_cavityALL.mol2	ic_4rw4_1_494_frag2_cavity4.mol2	-1	0.2917	0.3588	0.6091
6ooz_cavityALL.mol2	ic_4rw6_1_494_frag1_cavity4.mol2	-1	0.2645	0.3878	0.4541
6ooz_cavityALL.mol2	ic_4rw6_1_494_frag2_cavity4.mol2	-1	0.2862	0.3405	0.6424
6ooz_cavityALL.mol2	ic_5cyq_1_T27_frag1_cavity4.mol2	-1	0.2556	0.4201	0.3949
6op0_cavityALL.mol2	ic_1s6q_1_TPB_frag1_cavity4.mol2	-1	0.2810	0.3548	0.5746
6op0_cavityALL.mol2	ic_1s9e_1_ADB_frag1_cavity4.mol2	-1	0.2881	0.3405	0.6516
6op0_cavityALL.mol2	ic_1tvr_1_TB9_frag1_cavity4.mol2	-1	0.2559	0.3305	0.5314
6op0_cavityALL.mol2	ic_2b5j_1_3AC_frag1_cavity4.mol2	-1	0.2383	0.3130	0.4997
6op0_cavityALL.mol2	ic_2ban_1_357_frag1_cavity4.mol2	-1	0.2646	0.3196	0.6062
6op0_cavityALL.mol2	ic_2ban_1_357_frag2_cavity4.mol2	-1	0.1870	0.2044	0.6869
6op0_cavityALL.mol2	ic_2be2_1_R22_frag1_cavity4.mol2	-1	0.2436	0.2884	0.6103
6op0_cavityALL.mol2	ic_2be2_1_R22_frag2_cavity4.mol2	-1	0.1979	0.2105	0.7675
6op0_cavityALL.mol2	ic_2ic3_1_HBY_frag1_cavity4.mol2	-1	0.2361	0.3038	0.5146
6op0_cavityALL.mol2	ic_2jle_1_I15_frag1_cavity4.mol2	-1	0.2635	0.2938	0.7192
6op0_cavityALL.mol2	ic_2vg5_1_NNC_frag1_cavity4.mol2	-1	0.2503	0.2774	0.7197
6op0_cavityALL.mol2	ic_2vg5_1_NNC_frag2_cavity4.mol2	-1	0.2183	0.2508	0.6281
6op0_cavityALL.mol2	ic_2vg7_1_NNI_frag1_cavity4.mol2	-1	0.2700	0.2994	0.7331
6op0_cavityALL.mol2	ic_2vg7_1_NNI_frag2_cavity4.mol2	-1	0.2337	0.2686	0.6430
6op0_cavityALL.mol2	ic_2ykm_1_YKN_frag1_cavity4.mol2	-1	0.2038	0.2268	0.6683
6op0_cavityALL.mol2	ic_2ykm_1_YKN_frag2_cavity4.mol2	-1	0.2150	0.2427	0.6532
6op0_cavityALL.mol2	ic_2zd1_1_T27_frag1_cavity4.mol2	-1	0.2282	0.3005	0.4867
6op0_cavityALL.mol2	ic_2ze2_1_T27_frag1_cavity4.mol2	-1	0.2366	0.3266	0.4621
6op0_cavityALL.mol2	ic_3bgr_1_T27_frag1_cavity4.mol2	-1	0.2263	0.2810	0.5377
6op0_cavityALL.mol2	ic_3dmj_1_GWE_frag1_cavity4.mol2	-1	0.2478	0.2824	0.6689
6op0_cavityALL.mol2	ic_3dmj_1_GWE_frag2_cavity4.mol2	-1	0.2080	0.2298	0.6868
6op0_cavityALL.mol2	ic_3dol_1_GWI_frag1_cavity4.mol2	-1	0.2600	0.3198	0.5818
6op0_cavityALL.mol2	ic_3dol_1_GWI_frag2_cavity4.mol2	-1	0.1944	0.2112	0.7098
6op0_cavityALL.mol2	ic_3hvt_1_NVP_frag1_cavity4.mol2	-1	0.1727	0.1856	0.7131
6op0_cavityALL.mol2	ic_3hvt_1_NVP_frag2_cavity4.mol2	-1	0.2213	0.2568	0.6150
6op0_cavityALL.mol2	ic_3irx_1_UDR_frag1_cavity4.mol2	-1	0.2385	0.3626	0.4106
6op0_cavityALL.mol2	ic_3irx_1_UDR_frag2_cavity4.mol2	-1	0.1872	0.2039	0.6961
6op0_cavityALL.mol2	ic_3is9_1_AC7_frag1_cavity4.mol2	-1	0.2250	0.3354	0.4060
6op0_cavityALL.mol2	ic_3qlh_2_T27_frag1_cavity4.mol2	-1	0.2461	0.3336	0.4842
6op0_cavityALL.mol2	ic_4g1q_1_T27_frag1_cavity4.mol2	-1	0.2490	0.3144	0.5450
6op0_cavityALL.mol2	ic_4h4m_1_494_frag1_cavity4.mol2	-1	0.2247	0.2818	0.5256
6op0_cavityALL.mol2	ic_4h4m_1_494_frag2_cavity4.mol2	-1	0.2001	0.2187	0.7021
6op0_cavityALL.mol2	ic_4h4o_1_506_frag1_cavity4.mol2	-1	0.2094	0.2270	0.7289
6op0_cavityALL.mol2	ic_4h4o_1_506_frag2_cavity4.mol2	-1	0.2511	0.3237	0.5281
6op0_cavityALL.mol2	ic_4i2p_1_G73_frag1_cavity4.mol2	-1	0.2766	0.3669	0.5292
6op0_cavityALL.mol2	ic_4i2q_1_1BT_frag1_cavity4.mol2	-1	0.2533	0.3386	0.5012
6op0_cavityALL.mol2	ic_4id5_1_T27_frag1_cavity4.mol2	-1	0.2352	0.3157	0.4799
6op0_cavityALL.mol2	ic_4ifv_1_T27_frag1_cavity4.mol2	-1	0.2329	0.3097	0.4841
6op0_cavityALL.mol2	ic_4ig3_1_T27_frag1_cavity4.mol2	-1	0.2368	0.2941	0.5486
6op0_cavityALL.mol2	ic_4kfb_2_T27_frag1_cavity4.mol2	-1	0.2435	0.3202	0.5041
6op0_cavityALL.mol2	ic_4kko_1_1RE_frag1_cavity4.mol2	-1	0.2802	0.3638	0.5495
6op0_cavityALL.mol2	ic_4kko_1_1RE_frag2_cavity4.mol2	-1	0.1236	0.1288	0.7525
6op0_cavityALL.mol2	ic_4ko0_1_JLJ_frag1_cavity4.mol2	-1	0.2576	0.3137	0.5901
6op0_cavityALL.mol2	ic_4lsl_1_1YQ_frag1_cavity4.mol2	-1	0.2444	0.3141	0.5240
6op0_cavityALL.mol2	ic_4lsl_1_1YQ_frag2_cavity4.mol2	-1	0.1962	0.2197	0.6475
6op0_cavityALL.mol2	ic_4mfb_1_29T_frag1_cavity4.mol2	-1	0.2376	0.2686	0.6728
6op0_cavityALL.mol2	ic_4mfb_1_29T_frag2_cavity4.mol2	-1	0.1835	0.1998	0.6931
6op0_cavityALL.mol2	ic_4rw4_1_494_frag1_cavity4.mol2	-1	0.2554	0.3354	0.5170
6op0_cavityALL.mol2	ic_4rw4_1_494_frag2_cavity4.mol2	-1	0.2374	0.2578	0.7497
6op0_cavityALL.mol2	ic_4rw6_1_494_frag1_cavity4.mol2	-1	0.2327	0.2814	0.5734
6op0_cavityALL.mol2	ic_4rw6_1_494_frag2_cavity4.mol2	-1	0.2042	0.2224	0.7140
6op0_cavityALL.mol2	ic_5cyq_1_T27_frag1_cavity4.mol2	-1	0.2391	0.3104	0.5101
