ref	target	distance1	distance2
6ooy_site.mol2	1c0t_1_site.mol2	0.5696	0.2770
6ooy_site.mol2	1c0u_1_site.mol2	0.5602	0.2787
6ooy_site.mol2	1c1b_1_site.mol2	0.5917	0.2813
6ooy_site.mol2	1c1c_1_site.mol2	0.5591	0.2770
6ooy_site.mol2	1ep4_1_site.mol2	0.5769	0.2773
6ooy_site.mol2	1fk9_1_site.mol2	0.6279	0.2896
6ooy_site.mol2	1fko_1_site.mol2	0.5822	0.2340
6ooy_site.mol2	1fkp_1_site.mol2	0.5819	0.2684
6ooy_site.mol2	1jkh_1_site.mol2	0.5793	0.2812
6ooy_site.mol2	1jla_1_site.mol2	0.5867	0.2767
6ooy_site.mol2	1jlb_1_site.mol2	0.6005	0.3009
6ooy_site.mol2	1jlc_1_site.mol2	0.5847	0.2733
6ooy_site.mol2	1jlf_1_site.mol2	0.6111	0.2400
6ooy_site.mol2	1jlg_1_site.mol2	0.6022	0.2736
6ooy_site.mol2	1jlq_1_site.mol2	0.5795	0.2641
6ooy_site.mol2	1klm_1_site.mol2	0.5865	0.3002
6ooy_site.mol2	1lw0_1_site.mol2	0.6208	0.2761
6ooy_site.mol2	1lw2_1_site.mol2	0.5294	0.2679
6ooy_site.mol2	1lwc_1_site.mol2	0.6158	0.2683
6ooy_site.mol2	1lwe_1_site.mol2	0.6042	0.2803
6ooy_site.mol2	1lwf_1_site.mol2	0.5963	0.2294
6ooy_site.mol2	1rev_1_site.mol2	0.5971	0.2309
6ooy_site.mol2	1rt1_1_site.mol2	0.5675	0.2611
6ooy_site.mol2	1rt2_1_site.mol2	0.5762	0.2760
6ooy_site.mol2	1rt3_1_site.mol2	0.5619	0.2151
6ooy_site.mol2	1rt4_1_site.mol2	0.6223	0.2806
6ooy_site.mol2	1rt5_1_site.mol2	0.5747	0.2685
6ooy_site.mol2	1rt6_1_site.mol2	0.5794	0.2319
6ooy_site.mol2	1rt7_1_site.mol2	0.5528	0.3452
6ooy_site.mol2	1rth_1_site.mol2	0.5689	0.2129
6ooy_site.mol2	1rti_1_site.mol2	0.6150	0.2475
6ooy_site.mol2	1s1t_1_site.mol2	0.5971	0.2292
6ooy_site.mol2	1s1u_1_site.mol2	0.5706	0.2346
6ooy_site.mol2	1s1v_1_site.mol2	0.6006	0.2970
6ooy_site.mol2	1s1w_1_site.mol2	0.6381	0.2935
6ooy_site.mol2	1s1x_1_site.mol2	0.5942	0.2766
6ooy_site.mol2	1tkt_1_site.mol2	0.6340	0.2315
6ooy_site.mol2	1tkx_1_site.mol2	0.5851	0.2080
6ooy_site.mol2	1tkz_1_site.mol2	0.6333	0.2667
6ooy_site.mol2	1tl1_1_site.mol2	0.5501	0.2732
6ooy_site.mol2	1tl3_1_site.mol2	0.6244	0.2667
6ooy_site.mol2	1vrt_1_site.mol2	0.5928	0.2411
6ooy_site.mol2	1vru_1_site.mol2	0.5890	0.2674
6ooy_site.mol2	2hnd_1_site.mol2	0.5936	0.2612
6ooy_site.mol2	2hny_1_site.mol2	0.5976	0.3125
6ooy_site.mol2	2hnz_1_site.mol2	0.5883	0.2795
6ooy_site.mol2	2opp_1_site.mol2	0.6069	0.2957
6ooy_site.mol2	2opq_1_site.mol2	0.5773	0.2780
6ooy_site.mol2	2opr_1_site.mol2	0.5980	0.2310
6ooy_site.mol2	2ops_1_site.mol2	0.6405	0.2468
6ooy_site.mol2	2rf2_1_site.mol2	0.6149	0.2482
6ooy_site.mol2	2rki_1_site.mol2	0.5986	0.2641
6ooy_site.mol2	2won_1_site.mol2	0.5871	0.2733
6ooy_site.mol2	2ynf_1_site.mol2	0.5590	0.3046
6ooy_site.mol2	2ynh_1_site.mol2	0.6009	0.2849
6ooy_site.mol2	3c6t_1_site.mol2	0.5672	0.2890
6ooy_site.mol2	3c6u_1_site.mol2	0.5724	0.2339
6ooy_site.mol2	3di6_1_site.mol2	0.6189	0.2551
6ooy_site.mol2	3dle_1_site.mol2	0.5851	0.3030
6ooy_site.mol2	3dlg_1_site.mol2	0.5823	0.2815
6ooy_site.mol2	3dok_1_site.mol2	0.5604	0.2673
6ooy_site.mol2	3drp_1_site.mol2	0.5816	0.2155
6ooy_site.mol2	3drr_1_site.mol2	0.5338	0.2576
6ooy_site.mol2	3dya_1_site.mol2	0.5579	0.2795
6ooy_site.mol2	3e01_1_site.mol2	0.5854	0.2226
6ooy_site.mol2	3i0r_1_site.mol2	0.5876	0.2611
6ooy_site.mol2	3i0s_1_site.mol2	0.6021	0.2705
6ooy_site.mol2	3lak_1_site.mol2	0.5886	0.3088
6ooy_site.mol2	3lal_1_site.mol2	0.6058	0.2288
6ooy_site.mol2	3lam_1_site.mol2	0.5732	0.2488
6ooy_site.mol2	3lan_1_site.mol2	0.5466	0.2611
6ooy_site.mol2	3lp0_2_site.mol2	0.6133	0.2938
6ooy_site.mol2	3lp1_2_site.mol2	0.6139	0.2629
6ooy_site.mol2	3lp2_1_site.mol2	0.6271	0.2149
6ooy_site.mol2	3m8p_1_site.mol2	0.5536	0.2678
6ooy_site.mol2	3m8q_1_site.mol2	0.5529	0.2606
6ooy_site.mol2	3mec_1_site.mol2	0.5627	0.2768
6ooy_site.mol2	3med_1_site.mol2	0.5922	0.2693
6ooy_site.mol2	3mee_1_site.mol2	0.5673	0.2558
6ooy_site.mol2	3meg_1_site.mol2	0.5832	0.2359
6ooy_site.mol2	3nbp_1_site.mol2	0.5924	0.2698
6ooy_site.mol2	3qip_1_site.mol2	0.6438	0.2698
6ooy_site.mol2	3t19_1_site.mol2	0.5809	0.2907
6ooy_site.mol2	3t1a_1_site.mol2	0.5729	0.2347
6ooy_site.mol2	3tam_1_site.mol2	0.5610	0.3009
6ooy_site.mol2	4i7f_1_site.mol2	0.5640	0.2454
6ooz_site.mol2	1c0t_1_site.mol2	0.5708	0.2490
6ooz_site.mol2	1c0u_1_site.mol2	0.6023	0.2708
6ooz_site.mol2	1c1b_1_site.mol2	0.5779	0.3019
6ooz_site.mol2	1c1c_1_site.mol2	0.6148	0.2464
6ooz_site.mol2	1ep4_1_site.mol2	0.5980	0.2763
6ooz_site.mol2	1fk9_1_site.mol2	0.6085	0.2986
6ooz_site.mol2	1fko_1_site.mol2	0.5973	0.2913
6ooz_site.mol2	1fkp_1_site.mol2	0.5842	0.2848
6ooz_site.mol2	1jkh_1_site.mol2	0.6107	0.2863
6ooz_site.mol2	1jla_1_site.mol2	0.5798	0.2605
6ooz_site.mol2	1jlb_1_site.mol2	0.5979	0.3245
6ooz_site.mol2	1jlc_1_site.mol2	0.5812	0.2497
6ooz_site.mol2	1jlf_1_site.mol2	0.5749	0.2858
6ooz_site.mol2	1jlg_1_site.mol2	0.5900	0.2655
6ooz_site.mol2	1jlq_1_site.mol2	0.6043	0.2877
6ooz_site.mol2	1klm_1_site.mol2	0.6121	0.2727
6ooz_site.mol2	1lw0_1_site.mol2	0.5853	0.2743
6ooz_site.mol2	1lw2_1_site.mol2	0.5619	0.2418
6ooz_site.mol2	1lwc_1_site.mol2	0.6324	0.2983
6ooz_site.mol2	1lwe_1_site.mol2	0.6389	0.2941
6ooz_site.mol2	1lwf_1_site.mol2	0.6257	0.3002
6ooz_site.mol2	1rev_1_site.mol2	0.5763	0.2585
6ooz_site.mol2	1rt1_1_site.mol2	0.5644	0.2559
6ooz_site.mol2	1rt2_1_site.mol2	0.5833	0.2361
6ooz_site.mol2	1rt3_1_site.mol2	0.5669	0.2205
6ooz_site.mol2	1rt4_1_site.mol2	0.5883	0.3083
6ooz_site.mol2	1rt5_1_site.mol2	0.5484	0.2809
6ooz_site.mol2	1rt6_1_site.mol2	0.5768	0.2418
6ooz_site.mol2	1rt7_1_site.mol2	0.5721	0.2333
6ooz_site.mol2	1rth_1_site.mol2	0.6297	0.2426
6ooz_site.mol2	1rti_1_site.mol2	0.6257	0.3002
6ooz_site.mol2	1s1t_1_site.mol2	0.5336	0.2838
6ooz_site.mol2	1s1u_1_site.mol2	0.5729	0.2526
6ooz_site.mol2	1s1v_1_site.mol2	0.5764	0.2506
6ooz_site.mol2	1s1w_1_site.mol2	0.5762	0.2261
6ooz_site.mol2	1s1x_1_site.mol2	0.6339	0.2837
6ooz_site.mol2	1tkt_1_site.mol2	0.5967	0.3111
6ooz_site.mol2	1tkx_1_site.mol2	0.5907	0.2797
6ooz_site.mol2	1tkz_1_site.mol2	0.6018	0.2728
6ooz_site.mol2	1tl1_1_site.mol2	0.6227	0.2769
6ooz_site.mol2	1tl3_1_site.mol2	0.6312	0.2448
6ooz_site.mol2	1vrt_1_site.mol2	0.6048	0.2277
6ooz_site.mol2	1vru_1_site.mol2	0.5685	0.2750
6ooz_site.mol2	2hnd_1_site.mol2	0.6048	0.2634
6ooz_site.mol2	2hny_1_site.mol2	0.6193	0.2386
6ooz_site.mol2	2hnz_1_site.mol2	0.5752	0.2863
6ooz_site.mol2	2opp_1_site.mol2	0.5843	0.2850
6ooz_site.mol2	2opq_1_site.mol2	0.6038	0.2901
6ooz_site.mol2	2opr_1_site.mol2	0.5819	0.2509
6ooz_site.mol2	2ops_1_site.mol2	0.6096	0.2531
6ooz_site.mol2	2rf2_1_site.mol2	0.6133	0.2938
6ooz_site.mol2	2rki_1_site.mol2	0.5636	0.2782
6ooz_site.mol2	2won_1_site.mol2	0.5669	0.2837
6ooz_site.mol2	2ynf_1_site.mol2	0.5724	0.2434
6ooz_site.mol2	2ynh_1_site.mol2	0.5886	0.3038
6ooz_site.mol2	3c6t_1_site.mol2	0.6017	0.2800
6ooz_site.mol2	3c6u_1_site.mol2	0.5797	0.2995
6ooz_site.mol2	3di6_1_site.mol2	0.5982	0.2634
6ooz_site.mol2	3dle_1_site.mol2	0.5812	0.2912
6ooz_site.mol2	3dlg_1_site.mol2	0.5394	0.2783
6ooz_site.mol2	3dok_1_site.mol2	0.5636	0.2987
6ooz_site.mol2	3drp_1_site.mol2	0.6074	0.3411
6ooz_site.mol2	3drr_1_site.mol2	0.5933	0.2962
6ooz_site.mol2	3dya_1_site.mol2	0.5742	0.2745
6ooz_site.mol2	3e01_1_site.mol2	0.5618	0.2415
6ooz_site.mol2	3i0r_1_site.mol2	0.5928	0.2833
6ooz_site.mol2	3i0s_1_site.mol2	0.6235	0.2634
6ooz_site.mol2	3lak_1_site.mol2	0.5790	0.2713
6ooz_site.mol2	3lal_1_site.mol2	0.5938	0.3127
6ooz_site.mol2	3lam_1_site.mol2	0.5634	0.3138
6ooz_site.mol2	3lan_1_site.mol2	0.5358	0.3116
6ooz_site.mol2	3lp0_2_site.mol2	0.6148	0.2464
6ooz_site.mol2	3lp1_2_site.mol2	0.5960	0.2104
6ooz_site.mol2	3lp2_1_site.mol2	0.6449	0.2721
6ooz_site.mol2	3m8p_1_site.mol2	0.5563	0.2192
6ooz_site.mol2	3m8q_1_site.mol2	0.5566	0.3425
6ooz_site.mol2	3mec_1_site.mol2	0.5951	0.2240
6ooz_site.mol2	3med_1_site.mol2	0.5875	0.2575
6ooz_site.mol2	3mee_1_site.mol2	0.6197	0.3003
6ooz_site.mol2	3meg_1_site.mol2	0.6061	0.3030
6ooz_site.mol2	3nbp_1_site.mol2	0.5572	0.3199
6ooz_site.mol2	3qip_1_site.mol2	0.6334	0.2843
6ooz_site.mol2	3t19_1_site.mol2	0.6101	0.2825
6ooz_site.mol2	3t1a_1_site.mol2	0.5765	0.3099
6ooz_site.mol2	3tam_1_site.mol2	0.5795	0.2836
6ooz_site.mol2	4i7f_1_site.mol2	0.6068	0.3009
6op0_site.mol2	1c0t_1_site.mol2	0.5893	0.2242
6op0_site.mol2	1c0u_1_site.mol2	0.6138	0.3208
6op0_site.mol2	1c1b_1_site.mol2	0.5923	0.2933
6op0_site.mol2	1c1c_1_site.mol2	0.6154	0.2593
6op0_site.mol2	1ep4_1_site.mol2	0.6024	0.2757
6op0_site.mol2	1fk9_1_site.mol2	0.6074	0.2438
6op0_site.mol2	1fko_1_site.mol2	0.6065	0.2692
6op0_site.mol2	1fkp_1_site.mol2	0.6255	0.2648
6op0_site.mol2	1jkh_1_site.mol2	0.6332	0.3071
6op0_site.mol2	1jla_1_site.mol2	0.5845	0.2550
6op0_site.mol2	1jlb_1_site.mol2	0.6073	0.2847
6op0_site.mol2	1jlc_1_site.mol2	0.5983	0.2827
6op0_site.mol2	1jlf_1_site.mol2	0.6252	0.2505
6op0_site.mol2	1jlg_1_site.mol2	0.6420	0.2553
6op0_site.mol2	1jlq_1_site.mol2	0.6091	0.2990
6op0_site.mol2	1klm_1_site.mol2	0.5825	0.2762
6op0_site.mol2	1lw0_1_site.mol2	0.6332	0.2946
6op0_site.mol2	1lw2_1_site.mol2	0.5828	0.2662
6op0_site.mol2	1lwc_1_site.mol2	0.6671	0.2475
6op0_site.mol2	1lwe_1_site.mol2	0.6422	0.2843
6op0_site.mol2	1lwf_1_site.mol2	0.6319	0.2490
6op0_site.mol2	1rev_1_site.mol2	0.6377	0.2608
6op0_site.mol2	1rt1_1_site.mol2	0.6131	0.2548
6op0_site.mol2	1rt2_1_site.mol2	0.6204	0.2690
6op0_site.mol2	1rt3_1_site.mol2	0.5833	0.2527
6op0_site.mol2	1rt4_1_site.mol2	0.6453	0.3042
6op0_site.mol2	1rt5_1_site.mol2	0.5843	0.2832
6op0_site.mol2	1rt6_1_site.mol2	0.6454	0.2623
6op0_site.mol2	1rt7_1_site.mol2	0.5744	0.2516
6op0_site.mol2	1rth_1_site.mol2	0.5901	0.2680
6op0_site.mol2	1rti_1_site.mol2	0.6402	0.2660
6op0_site.mol2	1s1t_1_site.mol2	0.6181	0.2221
6op0_site.mol2	1s1u_1_site.mol2	0.6255	0.2798
6op0_site.mol2	1s1v_1_site.mol2	0.5936	0.2956
6op0_site.mol2	1s1w_1_site.mol2	0.6643	0.2866
6op0_site.mol2	1s1x_1_site.mol2	0.6458	0.2492
6op0_site.mol2	1tkt_1_site.mol2	0.6592	0.2444
6op0_site.mol2	1tkx_1_site.mol2	0.6265	0.2386
6op0_site.mol2	1tkz_1_site.mol2	0.6489	0.2686
6op0_site.mol2	1tl1_1_site.mol2	0.6240	0.2619
6op0_site.mol2	1tl3_1_site.mol2	0.6358	0.2715
6op0_site.mol2	1vrt_1_site.mol2	0.6561	0.3122
6op0_site.mol2	1vru_1_site.mol2	0.6243	0.2764
6op0_site.mol2	2hnd_1_site.mol2	0.6453	0.2907
6op0_site.mol2	2hny_1_site.mol2	0.6267	0.2385
6op0_site.mol2	2hnz_1_site.mol2	0.6314	0.2333
6op0_site.mol2	2opp_1_site.mol2	0.6089	0.3257
6op0_site.mol2	2opq_1_site.mol2	0.6056	0.2415
6op0_site.mol2	2opr_1_site.mol2	0.6108	0.2505
6op0_site.mol2	2ops_1_site.mol2	0.6381	0.3040
6op0_site.mol2	2rf2_1_site.mol2	0.6642	0.2408
6op0_site.mol2	2rki_1_site.mol2	0.6200	0.2681
6op0_site.mol2	2won_1_site.mol2	0.6171	0.2888
6op0_site.mol2	2ynf_1_site.mol2	0.5753	0.2639
6op0_site.mol2	2ynh_1_site.mol2	0.6295	0.3002
6op0_site.mol2	3c6t_1_site.mol2	0.5738	0.2809
6op0_site.mol2	3c6u_1_site.mol2	0.6123	0.2662
6op0_site.mol2	3di6_1_site.mol2	0.6343	0.2686
6op0_site.mol2	3dle_1_site.mol2	0.6279	0.2972
6op0_site.mol2	3dlg_1_site.mol2	0.5637	0.2146
6op0_site.mol2	3dok_1_site.mol2	0.6006	0.2440
6op0_site.mol2	3drp_1_site.mol2	0.5887	0.2968
6op0_site.mol2	3drr_1_site.mol2	0.5914	0.2644
6op0_site.mol2	3dya_1_site.mol2	0.5845	0.2549
6op0_site.mol2	3e01_1_site.mol2	0.6205	0.2682
6op0_site.mol2	3i0r_1_site.mol2	0.6108	0.3155
6op0_site.mol2	3i0s_1_site.mol2	0.6304	0.2883
6op0_site.mol2	3lak_1_site.mol2	0.5889	0.3011
6op0_site.mol2	3lal_1_site.mol2	0.6257	0.3049
6op0_site.mol2	3lam_1_site.mol2	0.6076	0.2829
6op0_site.mol2	3lan_1_site.mol2	0.5964	0.2624
6op0_site.mol2	3lp0_2_site.mol2	0.6087	0.2608
6op0_site.mol2	3lp1_2_site.mol2	0.6008	0.2606
6op0_site.mol2	3lp2_1_site.mol2	0.6556	0.2513
6op0_site.mol2	3m8p_1_site.mol2	0.5915	0.2675
6op0_site.mol2	3m8q_1_site.mol2	0.5829	0.2378
6op0_site.mol2	3mec_1_site.mol2	0.6071	0.2562
6op0_site.mol2	3med_1_site.mol2	0.5917	0.2397
6op0_site.mol2	3mee_1_site.mol2	0.5869	0.2736
6op0_site.mol2	3meg_1_site.mol2	0.5761	0.2653
6op0_site.mol2	3nbp_1_site.mol2	0.6075	0.2828
6op0_site.mol2	3qip_1_site.mol2	0.6603	0.2614
6op0_site.mol2	3t19_1_site.mol2	0.5957	0.2780
6op0_site.mol2	3t1a_1_site.mol2	0.5740	0.2853
6op0_site.mol2	3tam_1_site.mol2	0.5948	0.2842
6op0_site.mol2	4i7f_1_site.mol2	0.6181	0.2889
6ooy_site.mol2	1s6q_1_site.mol2	0.5900	0.3277
6ooy_site.mol2	1s9e_1_site.mol2	0.5559	0.3091
6ooy_site.mol2	1tvr_1_site.mol2	0.6057	0.2799
6ooy_site.mol2	2b5j_1_site.mol2	0.5856	0.2089
6ooy_site.mol2	2ban_1_site.mol2	0.5214	0.2378
6ooy_site.mol2	2be2_1_site.mol2	0.5679	0.2687
6ooy_site.mol2	2ic3_1_site.mol2	0.5533	0.2612
6ooy_site.mol2	2jle_1_site.mol2	0.5781	0.2441
6ooy_site.mol2	2vg5_1_site.mol2	0.5974	0.2473
6ooy_site.mol2	2vg7_1_site.mol2	0.6007	0.2377
6ooy_site.mol2	2ykm_1_site.mol2	0.5971	0.2643
6ooy_site.mol2	2zd1_1_site.mol2	0.6040	0.2768
6ooy_site.mol2	2ze2_1_site.mol2	0.5780	0.2859
6ooy_site.mol2	3bgr_1_site.mol2	0.5918	0.2545
6ooy_site.mol2	3dmj_1_site.mol2	0.5771	0.2843
6ooy_site.mol2	3dol_1_site.mol2	0.5714	0.2628
6ooy_site.mol2	3hvt_1_site.mol2	0.5878	0.2786
6ooy_site.mol2	3irx_1_site.mol2	0.5626	0.2872
6ooy_site.mol2	3is9_1_site.mol2	0.5464	0.2608
6ooy_site.mol2	3qlh_2_site.mol2	0.5875	0.2781
6ooy_site.mol2	4g1q_1_site.mol2	0.6009	0.3182
6ooy_site.mol2	4h4m_1_site.mol2	0.5573	0.2785
6ooy_site.mol2	4h4o_1_site.mol2	0.5424	0.2607
6ooy_site.mol2	4i2p_1_site.mol2	0.6036	0.2933
6ooy_site.mol2	4i2q_1_site.mol2	0.6248	0.2308
6ooy_site.mol2	4id5_1_site.mol2	0.5752	0.2566
6ooy_site.mol2	4ifv_1_site.mol2	0.5765	0.2885
6ooy_site.mol2	4ig3_1_site.mol2	0.5875	0.2609
6ooy_site.mol2	4kfb_2_site.mol2	0.5651	0.2520
6ooy_site.mol2	4kko_1_site.mol2	0.5945	0.3025
6ooy_site.mol2	4ko0_1_site.mol2	0.6312	0.2960
6ooy_site.mol2	4lsl_1_site.mol2	0.5591	0.2593
6ooy_site.mol2	4mfb_1_site.mol2	0.5596	0.2602
6ooy_site.mol2	4rw4_1_site.mol2	0.5725	0.2875
6ooy_site.mol2	4rw6_1_site.mol2	0.5445	0.2577
6ooy_site.mol2	5cyq_1_site.mol2	0.6036	0.2252
6ooz_site.mol2	1s6q_1_site.mol2	0.5907	0.2170
6ooz_site.mol2	1s9e_1_site.mol2	0.5880	0.3186
6ooz_site.mol2	1tvr_1_site.mol2	0.6052	0.2762
6ooz_site.mol2	2b5j_1_site.mol2	0.5560	0.2085
6ooz_site.mol2	2ban_1_site.mol2	0.5891	0.2888
6ooz_site.mol2	2be2_1_site.mol2	0.6173	0.2505
6ooz_site.mol2	2ic3_1_site.mol2	0.6147	0.2776
6ooz_site.mol2	2jle_1_site.mol2	0.5971	0.2908
6ooz_site.mol2	2vg5_1_site.mol2	0.6030	0.2578
6ooz_site.mol2	2vg7_1_site.mol2	0.5950	0.2428
6ooz_site.mol2	2ykm_1_site.mol2	0.5899	0.2653
6ooz_site.mol2	2zd1_1_site.mol2	0.6115	0.2877
6ooz_site.mol2	2ze2_1_site.mol2	0.5894	0.2610
6ooz_site.mol2	3bgr_1_site.mol2	0.6094	0.3165
6ooz_site.mol2	3dmj_1_site.mol2	0.5603	0.2509
6ooz_site.mol2	3dol_1_site.mol2	0.5604	0.2561
6ooz_site.mol2	3hvt_1_site.mol2	0.6122	0.2413
6ooz_site.mol2	3irx_1_site.mol2	0.5684	0.2486
6ooz_site.mol2	3is9_1_site.mol2	0.6097	0.2795
6ooz_site.mol2	3qlh_2_site.mol2	0.6252	0.2504
6ooz_site.mol2	4g1q_1_site.mol2	0.6161	0.2822
6ooz_site.mol2	4h4m_1_site.mol2	0.5811	0.2460
6ooz_site.mol2	4h4o_1_site.mol2	0.5754	0.2978
6ooz_site.mol2	4i2p_1_site.mol2	0.6064	0.2948
6ooz_site.mol2	4i2q_1_site.mol2	0.6289	0.2224
6ooz_site.mol2	4id5_1_site.mol2	0.6318	0.2795
6ooz_site.mol2	4ifv_1_site.mol2	0.6154	0.2788
6ooz_site.mol2	4ig3_1_site.mol2	0.6191	0.2714
6ooz_site.mol2	4kfb_2_site.mol2	0.6019	0.2993
6ooz_site.mol2	4kko_1_site.mol2	0.5489	0.2911
6ooz_site.mol2	4ko0_1_site.mol2	0.6126	0.2252
6ooz_site.mol2	4lsl_1_site.mol2	0.6176	0.3117
6ooz_site.mol2	4mfb_1_site.mol2	0.5958	0.2422
6ooz_site.mol2	4rw4_1_site.mol2	0.5884	0.2988
6ooz_site.mol2	4rw6_1_site.mol2	0.5726	0.2560
6ooz_site.mol2	5cyq_1_site.mol2	0.5706	0.2899
6op0_site.mol2	1s6q_1_site.mol2	0.6186	0.2519
6op0_site.mol2	1s9e_1_site.mol2	0.6194	0.2242
6op0_site.mol2	1tvr_1_site.mol2	0.6210	0.2566
6op0_site.mol2	2b5j_1_site.mol2	0.6236	0.2617
6op0_site.mol2	2ban_1_site.mol2	0.5703	0.2592
6op0_site.mol2	2be2_1_site.mol2	0.6215	0.2836
6op0_site.mol2	2ic3_1_site.mol2	0.5817	0.1789
6op0_site.mol2	2jle_1_site.mol2	0.6284	0.2425
6op0_site.mol2	2vg5_1_site.mol2	0.6165	0.2183
6op0_site.mol2	2vg7_1_site.mol2	0.6366	0.2587
6op0_site.mol2	2ykm_1_site.mol2	0.6259	0.2662
6op0_site.mol2	2zd1_1_site.mol2	0.6341	0.2683
6op0_site.mol2	2ze2_1_site.mol2	0.5844	0.2691
6op0_site.mol2	3bgr_1_site.mol2	0.6283	0.2708
6op0_site.mol2	3dmj_1_site.mol2	0.5853	0.2777
6op0_site.mol2	3dol_1_site.mol2	0.6015	0.2579
6op0_site.mol2	3hvt_1_site.mol2	0.6229	0.2603
6op0_site.mol2	3irx_1_site.mol2	0.5697	0.2642
6op0_site.mol2	3is9_1_site.mol2	0.5848	0.2902
6op0_site.mol2	3qlh_2_site.mol2	0.6357	0.2574
6op0_site.mol2	4g1q_1_site.mol2	0.5998	0.2440
6op0_site.mol2	4h4m_1_site.mol2	0.5936	0.2821
6op0_site.mol2	4h4o_1_site.mol2	0.5685	0.2762
6op0_site.mol2	4i2p_1_site.mol2	0.6362	0.1967
6op0_site.mol2	4i2q_1_site.mol2	0.6346	0.2236
6op0_site.mol2	4id5_1_site.mol2	0.6333	0.2526
6op0_site.mol2	4ifv_1_site.mol2	0.6303	0.2606
6op0_site.mol2	4ig3_1_site.mol2	0.6212	0.2705
6op0_site.mol2	4kfb_2_site.mol2	0.6090	0.2469
6op0_site.mol2	4kko_1_site.mol2	0.5806	0.2624
6op0_site.mol2	4ko0_1_site.mol2	0.6137	0.2423
6op0_site.mol2	4lsl_1_site.mol2	0.6295	0.2864
6op0_site.mol2	4mfb_1_site.mol2	0.5954	0.2746
6op0_site.mol2	4rw4_1_site.mol2	0.5777	0.2780
6op0_site.mol2	4rw6_1_site.mol2	0.5599	0.2711
6op0_site.mol2	5cyq_1_site.mol2	0.6171	0.2194
